installation,plot_id,date,location,species,dung1m,dung2m,notes,visit_year
avonpark,avonpark a1,2017-06-27,north,cottontail,5,0,NA,2017
avonpark,avonpark a1,2017-06-27,north,cow,5,1,NA,2017
avonpark,avonpark a1,2017-06-27,east,cottontail,30,4,NA,2017
avonpark,avonpark a1,2017-06-27,east,cow,1,0,NA,2017
avonpark,avonpark a1,2017-06-27,south,cottontail,17,5,NA,2017
avonpark,avonpark a1,2017-06-27,south,cow,7,3,NA,2017
avonpark,avonpark a1,2017-06-27,west,cottontail,13,3,NA,2017
avonpark,avonpark a1,2017-06-27,west,cow,2,0,NA,2017
avonpark,avonpark b1,2017-06-29,north,NA,0,0,NA,2017
avonpark,avonpark b1,2017-06-29,east,NA,0,0,NA,2017
avonpark,avonpark b1,2017-06-29,south,NA,0,0,NA,2017
avonpark,avonpark b1,2017-06-29,west,NA,0,0,NA,2017
avonpark,avonpark c1,2017-06-28,north,cow,3,0,NA,2017
avonpark,avonpark c1,2017-06-28,north,hog,1,0,NA,2017
avonpark,avonpark c1,2017-06-28,east,cow,4,1,NA,2017
avonpark,avonpark c1,2017-06-28,south,cow,1,1,NA,2017
avonpark,avonpark c1,2017-06-28,west,cow,2,1,NA,2017
avonpark,avonpark c1,2017-06-28,west,hog,1,1,NA,2017
avonpark,avonpark c1,2017-06-28,west,racoon,1,0,NA,2017
avonpark,avonpark d1,2017-06-30,north,cottontail,1,0,Deer tracks nearby,2017
avonpark,avonpark d1,2017-06-30,east,NA,0,0,NA,2017
avonpark,avonpark d1,2017-06-20,south,cottontail,1,1,NA,2017
avonpark,avonpark d1,2017-06-20,west,NA,0,0,NA,2017
blanding,blanding a1,2017-06-10,north,cottontail,2,3,NA,2017
blanding,blanding a1,2017-06-10,north,deer,1,0,NA,2017
blanding,blanding a1,2017-06-10,east,cottontail,11,7,NA,2017
blanding,blanding a1,2017-06-10,south,cottontail,27,6,NA,2017
blanding,blanding a1,2017-06-10,west,cottontail,3,0,NA,2017
blanding,blanding d1,2017-06-10,north,cottontail,1,0,Deer tracks nearby,2017
blanding,blanding d1,2017-06-10,east,cottontail,1,2,NA,2017
blanding,blanding d1,2017-06-10,south,NA,0,0,NA,2017
blanding,blanding d1,2017-06-10,west,cottontail,1,1,NA,2017
blanding,blanding c1,2017-06-08,north,NA,0,0,NA,2017
blanding,blanding c1,2017-06-08,east,NA,0,0,NA,2017
blanding,blanding c1,2017-06-08,south,cottontail,7,1,NA,2017
blanding,blanding c1,2017-06-08,west,NA,0,0,NA,2017
blanding,blanding b1,2017-06-08,north,cottontail,29,27,NA,2017
blanding,blanding b1,2017-06-08,east,armadillo,1,0,NA,2017
blanding,blanding b1,2017-06-08,east,cottontail,20,4,NA,2017
blanding,blanding b1,2017-06-08,south,cottontail,28,9,NA,2017
blanding,blanding b1,2017-06-08,west,cottontail,25,25,NA,2017
blanding,blanding e1,2017-06-15,north,NA,0,0,Deer tracks nearby,2017
blanding,blanding e1,2017-06-15,east,cottontail,1,0,NA,2017
blanding,blanding e1,2017-06-15,south,deer,2,0,NA,2017
blanding,blanding e1,2017-06-15,west,NA,0,0,NA,2017
blanding,blanding g1,2017-06-15,north,NA,0,0,NA,2017
blanding,blanding g1,2017-06-15,east,deer,1,0,NA,2017
blanding,blanding g1,2017-06-15,south,armadillo,1,0,NA,2017
blanding,blanding g1,2017-06-15,south,other,0,1,NA,2017
blanding,blanding g1,2017-06-15,west,NA,0,0,NA,2017
blanding,blanding h1,2017-06-16,north,NA,0,0,Deer scat nearby,2017
blanding,blanding h1,2017-06-16,east,cottontail,3,0,NA,2017
blanding,blanding h1,2017-06-16,south,cottontail,1,0,NA,2017
blanding,blanding h1,2017-06-16,west,NA,0,0,NA,2017
blanding,blanding f1,2017-06-21,north,armadillo,0,1,NA,2017
blanding,blanding f1,2017-06-21,north,cottontail,47,21,NA,2017
blanding,blanding f1,2017-06-21,east,cottontail,1,1,NA,2017
blanding,blanding f1,2017-06-21,south,cottontail,19,7,NA,2017
blanding,blanding f1,2017-06-21,west,cottontail,57,5,NA,2017
tyndall,tyndall b1,2017-07-18,north,NA,0,0,NA,2017
tyndall,tyndall b1,2017-07-18,east,NA,0,0,NA,2017
tyndall,tyndall b1,2017-07-17,south,NA,0,0,NA,2017
tyndall,tyndall b1,2017-07-17,west,deer,3,0,NA,2017
tyndall,tyndall b2,2017-07-19,north,NA,0,0,NA,2017
tyndall,tyndall b2,2017-07-19,east,deer,3,0,NA,2017
tyndall,tyndall b2,2017-07-19,south,NA,0,0,NA,2017
tyndall,tyndall b2,2017-07-19,west,NA,0,0,NA,2017
tyndall,tyndall d1,2017-07-20,north,NA,0,0,NA,2017
tyndall,tyndall d1,2017-07-20,east,NA,0,0,NA,2017
tyndall,tyndall d1,2017-07-20,south,NA,0,0,NA,2017
tyndall,tyndall d1,2017-07-20,west,NA,0,0,NA,2017
tyndall,tyndall h1,2017-07-20,north,NA,0,0,NA,2017
tyndall,tyndall h1,2017-07-20,east,NA,0,0,NA,2017
tyndall,tyndall h1,2017-07-20,south,NA,0,0,NA,2017
tyndall,tyndall h1,2017-07-20,west,NA,0,0,NA,2017
moody,moody a1,2017-08-30,north,deer,1,0,NA,2017
moody,moody a1,2017-08-30,east,NA,0,0,NA,2017
moody,moody a1,2017-08-30,south,deer,1,0,NA,2017
moody,moody a1,2017-08-30,west,deer,1,0,NA,2017
moody,moody b1,2017-08-29,north,NA,0,0,NA,2017
moody,moody b1,2017-08-29,east,deer,1,0,NA,2017
moody,moody b1,2017-08-29,south,NA,0,0,NA,2017
moody,moody b1,2017-08-29,west,NA,0,0,NA,2017
moody,moody k1,2017-08-30,north,NA,0,0,NA,2017
moody,moody k1,2017-08-30,east,NA,0,0,NA,2017
moody,moody k1,2017-08-30,south,NA,0,0,NA,2017
moody,moody k1,2017-08-30,west,NA,0,0,NA,2017
shelby,shelby d1,2017-09-23,north,NA,0,0,NA,2017
shelby,shelby d1,2017-09-23,east,NA,0,0,NA,2017
shelby,shelby d1,2017-09-23,south,NA,0,0,NA,2017
shelby,shelby d1,2017-09-23,west,NA,0,0,NA,2017
shelby,shelby b2,2017-09-24,north,NA,0,0,NA,2017
shelby,shelby b2,2017-09-24,east,NA,0,0,NA,2017
shelby,shelby b2,2017-09-24,south,NA,0,0,NA,2017
shelby,shelby b2,2017-09-24,west,NA,0,0,NA,2017
shelby,shelby b1,2017-09-23,north,other,1,0,NA,2017
shelby,shelby b1,2017-09-23,east,NA,0,0,NA,2017
shelby,shelby b1,2017-09-23,south,cottontail,1,0,NA,2017
shelby,shelby b1,2017-09-23,west,cottontail,1,0,NA,2017
shelby,shelby f1,2017-09-23,north,cottontail,2,0,NA,2017
shelby,shelby f1,2017-09-23,north,deer,1,0,NA,2017
shelby,shelby f1,2017-09-23,east,cottontail,4,0,NA,2017
shelby,shelby f1,2017-09-23,south,cottontail,4,0,NA,2017
shelby,shelby f1,2017-09-23,west,cottontail,2,0,NA,2017
shelby,shelby b3,2017-09-24,north,NA,0,0,NA,2017
shelby,shelby b3,2017-09-24,east,NA,0,0,NA,2017
shelby,shelby b3,2017-09-24,south,NA,0,0,NA,2017
shelby,shelby b3,2017-09-24,west,NA,0,0,NA,2017
shelby,shelby g1,2017-09-26,north,cottontail,2,0,NA,2017
shelby,shelby g1,2017-09-26,east,deer,1,0,NA,2017
shelby,shelby g1,2017-09-26,east,cottontail,1,0,NA,2017
shelby,shelby g1,2017-09-26,south,NA,0,0,NA,2017
shelby,shelby g1,2017-09-26,west,cottontail,1,0,NA,2017
eglin,eglin b1,2017-08-19,north,deer,0,1,NA,2017
eglin,eglin b1,2017-08-19,east,deer,4,0,NA,2017
eglin,eglin b1,2017-08-19,south,deer,2,0,NA,2017
eglin,eglin b1,2017-08-19,south,cottontail,1,0,NA,2017
eglin,eglin b1,2017-08-19,west,other,1,0,NA,2017
eglin,eglin p1,2017-08-19,north,cottontail,1,0,NA,2017
eglin,eglin p1,2017-08-19,east,NA,0,0,NA,2017
eglin,eglin p1,2017-08-19,south,deer,1,0,NA,2017
eglin,eglin p1,2017-08-19,west,NA,0,0,NA,2017
eglin,eglin h1,2017-08-17,north,NA,0,0,NA,2017
eglin,eglin h1,2017-08-17,east,NA,0,0,NA,2017
eglin,eglin h1,2017-08-17,south,NA,0,0,NA,2017
eglin,eglin h1,2017-08-17,west,NA,0,0,NA,2017
eglin,eglin d1,2017-08-17,north,deer,4,0,NA,2017
eglin,eglin d1,2017-08-17,east,deer,1,0,NA,2017
eglin,eglin d1,2017-08-17,south,NA,0,0,NA,2017
eglin,eglin d1,2017-08-17,west,deer,1,0,NA,2017
blanding,blanding k1,2018-05-22,north,deer,4,0,NA,2018
blanding,blanding k1,2018-05-22,east,deer,0,1,NA,2018
blanding,blanding k1,2018-05-22,south,deer,4,5,NA,2018
blanding,blanding k1,2018-05-22,west,deer,2,1,NA,2018
blanding,blanding g1,2018-05-18,north,deer,33,16,NA,2018
blanding,blanding g1,2018-05-18,north,cottontail,71,122,NA,2018
blanding,blanding g1,2018-05-18,east,deer,4,0,NA,2018
blanding,blanding g1,2018-05-18,east,cottontail,6,6,NA,2018
blanding,blanding g1,2018-05-18,east,other,2,2,NA,2018
blanding,blanding g1,2018-05-18,south,deer,3,3,NA,2018
blanding,blanding g1,2018-05-18,south,cottontail,19,0,NA,2018
blanding,blanding g1,2018-05-18,south,other,1,0,NA,2018
blanding,blanding g1,2018-05-18,west,deer,18,7,NA,2018
blanding,blanding i1,2018-05-25,north,deer,10,3,NA,2018
blanding,blanding i1,2018-05-25,east,deer,1,0,NA,2018
blanding,blanding i1,2018-05-25,south,deer,4,0,NA,2018
blanding,blanding i1,2018-05-25,west,deer,5,2,NA,2018
blanding,blanding i1,2018-05-25,west,cottontail,2,0,NA,2018
blanding,blanding m1,2018-05-18,north,deer,7,2,NA,2018
blanding,blanding m1,2018-05-18,north,cottontail,7,14,NA,2018
blanding,blanding m1,2018-05-18,north,turkey,1,0,NA,2018
blanding,blanding m1,2018-05-18,east,NA,0,0,NA,2018
blanding,blanding m1,2018-05-18,south,deer,9,1,NA,2018
blanding,blanding m1,2018-05-18,south,cottontail,7,1,NA,2018
blanding,blanding m1,2018-05-18,south,turkey,2,0,NA,2018
blanding,blanding m1,2018-05-18,west,deer,5,1,NA,2018
blanding,blanding m1,2018-05-18,west,cottontail,1,1,NA,2018
blanding,blanding m1,2018-05-18,west,turkey,2,1,NA,2018
blanding,blanding c1,2018-05-16,north,deer,4,1,NA,2018
blanding,blanding c1,2018-05-16,north,cottontail,17,2,NA,2018
blanding,blanding c1,2018-05-16,north,turkey,3,0,NA,2018
blanding,blanding c1,2018-05-16,east,deer,0,2,NA,2018
blanding,blanding c1,2018-05-16,east,cottontail,4,2,NA,2018
blanding,blanding c1,2018-05-16,east,turkey,6,0,NA,2018
blanding,blanding c1,2018-05-16,south,deer,4,0,NA,2018
blanding,blanding c1,2018-05-16,south,cottontail,8,1,NA,2018
blanding,blanding c1,2018-05-16,west,deer,1,2,NA,2018
blanding,blanding c1,2018-05-16,west,cottontail,1,5,NA,2018
blanding,blanding c1,2018-05-16,west,other,1,0,NA,2018
blanding,blanding c1,2018-05-16,west,turkey,0,1,NA,2018
blanding,blanding h1,2018-05-17,north,NA,0,0,NA,2018
blanding,blanding h1,2018-05-17,east,deer,25,14,NA,2018
blanding,blanding h1,2018-05-17,east,cottontail,16,4,NA,2018
blanding,blanding h1,2018-05-17,east,other,1,0,NA,2018
blanding,blanding h1,2018-05-17,south,deer,5,6,NA,2018
blanding,blanding h1,2018-05-17,south,cottontail,1,0,NA,2018
blanding,blanding h1,2018-05-17,west,deer,5,6,NA,2018
blanding,blanding h1,2018-05-17,west,cottontail,0,2,NA,2018
blanding,blanding h1,2018-05-17,west,other,1,0,NA,2018
blanding,blanding n1,2018-05-24,north,deer,4,0,NA,2018
blanding,blanding n1,2018-05-24,north,cottontail,240,125,NA,2018
blanding,blanding n1,2018-05-24,east,cottontail,90,60,NA,2018
blanding,blanding n1,2018-05-24,south,cottontail,88,82,NA,2018
blanding,blanding n1,2018-05-24,west,deer,1,0,NA,2018
blanding,blanding n1,2018-05-24,west,cottontail,74,4,NA,2018
blanding,blanding j1,2018-05-25,north,deer,2,0,NA,2018
blanding,blanding j1,2018-05-25,east,deer,2,0,NA,2018
blanding,blanding j1,2018-05-25,south,cottontail,3,0,NA,2018
blanding,blanding j1,2018-05-25,west,cottontail,37,0,NA,2018
avonpark,avonpark c1,2018-05-31,north,cow,5,2,NA,2018
avonpark,avonpark c1,2018-05-31,north,other,1,0,NA,2018
avonpark,avonpark c1,2018-05-31,east,cow,2,1,NA,2018
avonpark,avonpark c1,2018-05-31,south,cow,3,0,NA,2018
avonpark,avonpark c1,2018-05-31,south,cottontail,8,0,NA,2018
avonpark,avonpark c1,2018-05-31,west,cow,2,0,NA,2018
avonpark,avonpark c1,2018-05-31,west,cottontail,39,0,NA,2018
avonpark,avonpark c2,2018-05-31,north,cow,1,0,NA,2018
avonpark,avonpark c2,2018-05-31,north,cottontail,18,0,NA,2018
avonpark,avonpark c2,2018-05-31,east,cottontail,9,0,NA,2018
avonpark,avonpark c2,2018-05-31,south,cow,1,1,NA,2018
avonpark,avonpark c2,2018-05-31,south,deer,1,0,NA,2018
avonpark,avonpark c2,2018-05-31,west,cow,3,0,NA,2018
avonpark,avonpark c2,2018-05-31,west,deer,1,1,NA,2018
avonpark,avonpark c2,2018-05-31,west,cottontail,4,0,NA,2018
avonpark,avonpark f1,2018-05-31,north,deer,2,3,NA,2018
avonpark,avonpark f1,2018-05-31,east,deer,1,0,NA,2018
avonpark,avonpark f1,2018-05-31,south,deer,4,2,NA,2018
avonpark,avonpark f1,2018-05-31,west,other,0,1,NA,2018
avonpark,avonpark g1,2018-05-31,north,cottontail,2,0,NA,2018
avonpark,avonpark g1,2018-05-31,east,NA,0,0,NA,2018
avonpark,avonpark g1,2018-05-31,south,NA,0,0,NA,2018
avonpark,avonpark g1,2018-05-31,west,NA,0,0,NA,2018
avonpark,avonpark h1,2018-06-01,north,deer,1,1,NA,2018
avonpark,avonpark h1,2018-06-01,north,cottontail,1,0,NA,2018
avonpark,avonpark h1,2018-06-01,east,deer,0,1,NA,2018
avonpark,avonpark h1,2018-06-01,south,NA,0,0,NA,2018
avonpark,avonpark h1,2018-06-01,west,deer,1,0,NA,2018
avonpark,avonpark i1,2018-06-01,north,NA,0,0,NA,2018
avonpark,avonpark i1,2018-06-01,east,NA,0,0,NA,2018
avonpark,avonpark i1,2018-06-01,south,NA,0,0,NA,2018
avonpark,avonpark i1,2018-06-01,west,NA,0,0,NA,2018
avonpark,avonpark e1,2018-05-29,north,NA,0,0,NA,2018
avonpark,avonpark e1,2018-05-29,east,NA,0,0,NA,2018
avonpark,avonpark e1,2018-05-29,south,NA,0,0,NA,2018
avonpark,avonpark e1,2018-05-29,west,NA,0,0,NA,2018
avonpark,avonpark e2,2018-05-29,north,NA,0,0,NA,2018
avonpark,avonpark e2,2018-05-29,east,NA,0,0,NA,2018
avonpark,avonpark e2,2018-05-29,south,NA,0,0,NA,2018
avonpark,avonpark e2,2018-05-29,west,NA,0,0,NA,2018
avonpark,avonpark a1,2018-05-30,north,cow,8,3,NA,2018
avonpark,avonpark a1,2018-05-30,east,cow,8,2,NA,2018
avonpark,avonpark a1,2018-05-30,east,cottontail,52,7,NA,2018
avonpark,avonpark a1,2018-05-30,south,cow,12,3,NA,2018
avonpark,avonpark a1,2018-05-30,south,cottontail,332,34,NA,2018
avonpark,avonpark a1,2018-05-30,west,cow,3,2,NA,2018
avonpark,avonpark a1,2018-05-30,west,cottontail,114,7,NA,2018
avonpark,avonpark a2,2018-05-30,north,cottontail,142,12,NA,2018
avonpark,avonpark a2,2018-05-30,north,cow,6,0,NA,2018
avonpark,avonpark a2,2018-05-30,east,cottontail,38,0,NA,2018
avonpark,avonpark a2,2018-05-30,east,cow,7,1,NA,2018
avonpark,avonpark a2,2018-05-30,south,cottontail,93,13,NA,2018
avonpark,avonpark a2,2018-05-30,south,cow,3,4,NA,2018
avonpark,avonpark a2,2018-05-30,west,cottontail,24,2,NA,2018
avonpark,avonpark a2,2018-05-30,west,cow,11,2,NA,2018
eglin,eglin a1,2018-06-11,north,NA,0,0,NA,2018
eglin,eglin a1,2018-06-11,east,NA,0,0,NA,2018
eglin,eglin a1,2018-06-11,south,NA,0,0,NA,2018
eglin,eglin a1,2018-06-11,west,cottontail,1,0,NA,2018
eglin,eglin g1,2018-06-11,north,NA,0,0,NA,2018
eglin,eglin g1,2018-06-11,east,deer,2,0,NA,2018
eglin,eglin g1,2018-06-11,south,deer,5,1,NA,2018
eglin,eglin g1,2018-06-11,west,cottontail,8,0,NA,2018
eglin,eglin e1,2018-06-12,north,turkey,2,1,NA,2018
eglin,eglin e1,2018-06-12,east,cottontail,6,1,NA,2018
eglin,eglin e1,2018-06-12,south,cottontail,3,0,NA,2018
eglin,eglin e1,2018-06-12,west,NA,0,0,NA,2018
eglin,eglin c1,2018-06-13,north,deer,0,1,NA,2018
eglin,eglin c1,2018-06-13,north,cottontail,7,0,NA,2018
eglin,eglin c1,2018-06-13,east,deer,1,0,NA,2018
eglin,eglin c1,2018-06-13,south,deer,1,2,NA,2018
eglin,eglin c1,2018-06-13,south,cottontail,4,1,NA,2018
eglin,eglin c1,2018-06-13,west,deer,2,1,NA,2018
eglin,eglin j1,2018-06-13,north,deer,4,0,NA,2018
eglin,eglin j1,2018-06-13,east,deer,5,1,NA,2018
eglin,eglin j1,2018-06-13,east,other,1,0,NA,2018
eglin,eglin j1,2018-06-13,south,deer,2,0,NA,2018
eglin,eglin j1,2018-06-13,south,turkey,2,2,NA,2018
eglin,eglin j1,2018-06-13,west,deer,4,2,NA,2018
eglin,eglin f1,2018-06-15,north,deer,3,4,NA,2018
eglin,eglin f1,2018-06-15,north,cottontail,11,0,NA,2018
eglin,eglin f1,2018-06-15,east,deer,9,2,NA,2018
eglin,eglin f1,2018-06-15,east,cottontail,14,0,NA,2018
eglin,eglin f1,2018-06-15,south,deer,7,3,NA,2018
eglin,eglin f1,2018-06-15,south,cottontail,9,0,NA,2018
eglin,eglin f1,2018-06-15,west,deer,20,5,NA,2018
eglin,eglin b2,2018-06-15,north,cottontail,7,0,NA,2018
eglin,eglin b2,2018-06-15,north,turkey,1,0,NA,2018
eglin,eglin b2,2018-06-15,east,NA,0,0,NA,2018
eglin,eglin b2,2018-06-15,south,turkey,1,0,NA,2018
eglin,eglin b2,2018-06-15,south,deer,1,0,NA,2018
eglin,eglin b2,2018-06-15,west,turkey,3,0,NA,2018
eglin,eglin b2,2018-06-15,west,deer,2,1,NA,2018
eglin,eglin i1,2018-06-12,north,NA,NA,NA,NA,2018
eglin,eglin i1,2018-06-12,south,NA,NA,NA,NA,2018
eglin,eglin i1,2018-06-12,east,NA,0,0,NA,2018
eglin,eglin i1,2018-06-12,west,NA,NA,NA,NA,2018
tyndall,tyndall c1,2018-06-26,north,NA,0,0,NA,2018
tyndall,tyndall c1,2018-06-26,east,NA,0,0,NA,2018
tyndall,tyndall c1,2018-06-26,south,deer,1,0,NA,2018
tyndall,tyndall c1,2018-06-26,west,deer,1,0,NA,2018
tyndall,tyndall c1,2018-06-26,west,cottontail,3,2,NA,2018
tyndall,tyndall c2,2018-06-26,north,deer,3,1,NA,2018
tyndall,tyndall c2,2018-06-26,east,NA,0,0,NA,2018
tyndall,tyndall c2,2018-06-26,south,NA,0,0,NA,2018
tyndall,tyndall c2,2018-06-26,west,cottontail,44,0,NA,2018
tyndall,tyndall b1,2018-06-25,north,NA,0,0,NA,2018
tyndall,tyndall b1,2018-06-25,east,deer,2,0,NA,2018
tyndall,tyndall b1,2018-06-25,south,other,2,0,NA,2018
tyndall,tyndall b1,2018-06-25,west,deer,1,0,NA,2018
tyndall,tyndall b2,2018-06-25,north,deer,2,1,NA,2018
tyndall,tyndall b2,2018-06-25,east,deer,2,0,NA,2018
tyndall,tyndall b2,2018-06-25,south,deer,4,2,NA,2018
tyndall,tyndall b2,2018-06-25,west,NA,0,0,NA,2018
tyndall,tyndall d2,2018-06-25,north,NA,0,0,NA,2018
tyndall,tyndall d2,2018-06-25,east,other,1,0,NA,2018
tyndall,tyndall d2,2018-06-25,south,NA,0,0,NA,2018
tyndall,tyndall d2,2018-06-25,west,NA,0,0,NA,2018
tyndall,tyndall b3,2018-06-27,north,cottontail,8,0,NA,2018
tyndall,tyndall b3,2018-06-27,east,NA,0,0,NA,2018
tyndall,tyndall b3,2018-06-27,south,NA,0,0,NA,2018
tyndall,tyndall b3,2018-06-27,west,NA,0,0,NA,2018
tyndall,tyndall b4,2018-06-27,north,deer,2,0,NA,2018
tyndall,tyndall b4,2018-06-27,east,NA,0,0,NA,2018
tyndall,tyndall b4,2018-06-27,south,deer,1,0,NA,2018
tyndall,tyndall b4,2018-06-27,west,NA,0,0,NA,2018
benning,benning a1,2018-07-24,north,deer,1,0,NA,2018
benning,benning a1,2018-07-24,east,NA,0,0,NA,2018
benning,benning a1,2018-07-24,south,NA,0,0,NA,2018
benning,benning a1,2018-07-24,west,NA,1,0,NA,2018
benning,benning b1,2018-07-24,north,deer,5,0,NA,2018
benning,benning b1,2018-07-24,east,deer,4,0,NA,2018
benning,benning b1,2018-07-24,south,NA,0,0,NA,2018
benning,benning b1,2018-07-24,west,deer,2,0,NA,2018
benning,benning c1,2018-07-25,north,NA,0,0,NA,2018
benning,benning c1,2018-07-25,east,NA,0,0,NA,2018
benning,benning c1,2018-07-25,south,NA,0,0,NA,2018
benning,benning c1,2018-07-25,west,NA,0,0,NA,2018
benning,benning d1,2018-07-25,north,deer,3,0,NA,2018
benning,benning d1,2018-07-25,east,NA,0,0,NA,2018
benning,benning d1,2018-07-25,south,NA,0,0,NA,2018
benning,benning d1,2018-07-25,west,NA,0,1,NA,2018
benning,benning e1,2018-07-26,north,NA,0,0,NA,2018
benning,benning e1,2018-07-26,east,NA,0,0,NA,2018
benning,benning e1,2018-07-26,south,NA,0,0,NA,2018
benning,benning e1,2018-07-26,west,NA,0,0,NA,2018
benning,benning f1,2018-07-26,north,cottontail,9,0,NA,2018
benning,benning f1,2018-07-26,east,deer,1,0,NA,2018
benning,benning f1,2018-07-26,south,NA,0,0,NA,2018
benning,benning f1,2018-07-26,west,NA,0,0,NA,2018
benning,benning g1,2018-07-28,north,NA,0,0,NA,2018
benning,benning g1,2018-07-28,east,NA,0,0,NA,2018
benning,benning g1,2018-07-28,south,NA,0,0,NA,2018
benning,benning g1,2018-07-28,west,NA,0,0,NA,2018
benning,benning h1,2018-07-28,north,deer,3,0,NA,2018
benning,benning h1,2018-07-28,east,NA,0,0,NA,2018
benning,benning h1,2018-07-28,south,NA,0,0,NA,2018
benning,benning h1,2018-07-28,west,deer,1,0,NA,2018
benning,benning i1,2018-07-27,north,NA,0,0,NA,2018
benning,benning i1,2018-07-27,east,NA,0,0,NA,2018
benning,benning i1,2018-07-27,south,NA,0,0,NA,2018
benning,benning i1,2018-07-27,west,NA,0,0,NA,2018
benning,benning j1,2018-07-27,north,cottontail,6,0,NA,2018
benning,benning j1,2018-07-27,east,deer,2,0,NA,2018
benning,benning j1,2018-07-27,south,NA,0,0,NA,2018
benning,benning j1,2018-07-27,west,deer,1,0,NA,2018
jackson,jackson a1,2018-07-09,north,NA,0,0,NA,2018
jackson,jackson a1,2018-07-09,south,NA,0,0,NA,2018
jackson,jackson a1,2018-07-09,east,NA,0,0,NA,2018
jackson,jackson a1,2018-07-09,west,NA,0,0,NA,2018
jackson,jackson b1,2018-07-09,north,NA,0,0,NA,2018
jackson,jackson b1,2018-07-09,south,NA,0,0,NA,2018
jackson,jackson b1,2018-07-09,east,deer,1,0,NA,2018
jackson,jackson b1,2018-07-09,west,NA,0,0,NA,2018
jackson,jackson c1,2018-07-09,north,NA,0,0,NA,2018
jackson,jackson c1,2018-07-09,south,NA,0,0,NA,2018
jackson,jackson c1,2018-07-09,east,NA,0,0,NA,2018
jackson,jackson c1,2018-07-09,west,NA,0,0,NA,2018
jackson,jackson d1,2018-07-09,north,NA,0,0,NA,2018
jackson,jackson d1,2018-07-09,south,deer,1,0,NA,2018
jackson,jackson d1,2018-07-09,east,NA,0,0,NA,2018
jackson,jackson d1,2018-07-09,west,deer,0,2,NA,2018
jackson,jackson e1,2018-07-10,north,NA,0,0,NA,2018
jackson,jackson e1,2018-07-10,south,NA,0,0,NA,2018
jackson,jackson e1,2018-07-10,east,NA,0,0,NA,2018
jackson,jackson e1,2018-07-10,west,NA,0,0,NA,2018
jackson,jackson f1,2018-07-10,north,NA,0,0,NA,2018
jackson,jackson f1,2018-07-10,south,cottontail,8,0,NA,2018
jackson,jackson f1,2018-07-10,east,deer,2,0,NA,2018
jackson,jackson f1,2018-07-10,west,NA,0,0,NA,2018
jackson,jackson g1,2018-07-10,north,deer,1,2,NA,2018
jackson,jackson g1,2018-07-10,south,NA,0,0,NA,2018
jackson,jackson g1,2018-07-10,east,deer,1,0,NA,2018
jackson,jackson g1,2018-07-10,west,deer,1,0,NA,2018
jackson,jackson h1,2018-07-12,north,deer,3,0,NA,2018
jackson,jackson h1,2018-07-12,south,deer,1,1,NA,2018
jackson,jackson h1,2018-07-12,east,deer,0,1,NA,2018
jackson,jackson h1,2018-07-12,west,NA,0,0,NA,2018
jackson,jackson i1,2018-07-11,north,NA,0,0,NA,2018
jackson,jackson i1,2018-07-11,south,NA,0,0,NA,2018
jackson,jackson i1,2018-07-11,east,NA,0,0,NA,2018
jackson,jackson i1,2018-07-11,west,NA,0,0,NA,2018
jackson,jackson j1,2018-07-11,north,NA,0,0,NA,2018
jackson,jackson j1,2018-07-11,south,cottontail,8,0,NA,2018
jackson,jackson j1,2018-07-11,east,NA,0,0,NA,2018
jackson,jackson j1,2018-07-11,west,NA,0,0,NA,2018
jackson,jackson k1,2018-07-11,north,NA,0,0,NA,2018
jackson,jackson k1,2018-07-11,south,cottontail,12,0,NA,2018
jackson,jackson k1,2018-07-11,east,NA,0,0,NA,2018
jackson,jackson k1,2018-07-11,west,NA,0,0,NA,2018
jackson,jackson l1,2018-07-12,north,NA,0,0,NA,2018
jackson,jackson l1,2018-07-12,south,NA,0,0,NA,2018
jackson,jackson l1,2018-07-12,east,NA,0,0,NA,2018
jackson,jackson l1,2018-07-12,west,deer,0,1,NA,2018
jackson,jackson m1,2018-07-12,north,NA,0,0,NA,2018
jackson,jackson m1,2018-07-12,south,NA,0,0,NA,2018
jackson,jackson m1,2018-07-12,east,NA,0,0,NA,2018
jackson,jackson m1,2018-07-12,west,NA,0,0,NA,2018
shelby,shelby a1,2018-08-11,north,deer,8,1,NA,2018
shelby,shelby a1,2018-08-11,south,NA,0,0,NA,2018
shelby,shelby a1,2018-08-11,east,deer,8,0,NA,2018
shelby,shelby a1,2018-08-11,west,deer,3,0,NA,2018
shelby,shelby a2,2018-08-12,north,deer,2,4,NA,2018
shelby,shelby a2,2018-08-12,south,deer,5,0,NA,2018
shelby,shelby a2,2018-08-12,east,deer,5,0,NA,2018
shelby,shelby a2,2018-08-12,west,deer,1,0,NA,2018
shelby,shelby b2,2018-08-15,north,NA,0,0,NA,2018
shelby,shelby b2,2018-08-15,south,deer,1,0,NA,2018
shelby,shelby b2,2018-08-15,east,NA,0,0,NA,2018
shelby,shelby b2,2018-08-15,west,NA,0,0,NA,2018
shelby,shelby b3,2018-08-15,north,NA,0,0,NA,2018
shelby,shelby b3,2018-08-15,south,NA,0,0,NA,2018
shelby,shelby b3,2018-08-15,east,NA,0,0,NA,2018
shelby,shelby b3,2018-08-15,west,NA,0,0,NA,2018
shelby,shelby c1,2018-08-11,north,NA,0,0,NA,2018
shelby,shelby c1,2018-08-11,south,NA,0,0,NA,2018
shelby,shelby c1,2018-08-11,east,deer,5,0,NA,2018
shelby,shelby c1,2018-08-11,west,deer,1,1,NA,2018
shelby,shelby e1,2018-08-12,north,deer,13,0,NA,2018
shelby,shelby e1,2018-08-12,south,NA,0,0,NA,2018
shelby,shelby e1,2018-08-12,east,deer,7,3,NA,2018
shelby,shelby e1,2018-08-12,east,cottontail,1,0,NA,2018
shelby,shelby e1,2018-08-12,west,cottontail,6,8,NA,2018
shelby,shelby h1,2018-08-13,north,deer,2,0,NA,2018
shelby,shelby h1,2018-08-13,south,NA,0,0,NA,2018
shelby,shelby h1,2018-08-13,east,NA,0,0,NA,2018
shelby,shelby h1,2018-08-13,west,NA,0,0,NA,2018
shelby,shelby i1,2018-08-13,north,NA,0,0,NA,2018
shelby,shelby i1,2018-08-13,south,deer,0,1,NA,2018
shelby,shelby i1,2018-08-13,east,NA,0,0,NA,2018
shelby,shelby i1,2018-08-13,west,NA,0,0,NA,2018
shelby,shelby j1,2018-08-14,north,deer,2,0,NA,2018
shelby,shelby j1,2018-08-14,south,NA,0,0,NA,2018
shelby,shelby j1,2018-08-14,east,NA,0,0,NA,2018
shelby,shelby j1,2018-08-14,west,NA,0,0,NA,2018
shelby,shelby k1,2018-08-14,north,deer,4,0,NA,2018
shelby,shelby k1,2018-08-14,south,deer,1,0,NA,2018
shelby,shelby k1,2018-08-14,east,deer,2,0,NA,2018
shelby,shelby k1,2018-08-14,west,NA,0,0,NA,2018
gordon,gordon a1,2018-08-20,north,NA,0,0,NA,2018
gordon,gordon a1,2018-08-20,south,NA,0,0,NA,2018
gordon,gordon a1,2018-08-20,east,deer,1,0,NA,2018
gordon,gordon a1,2018-08-20,west,NA,0,0,NA,2018
gordon,gordon b1,2018-08-20,north,deer,2,0,NA,2018
gordon,gordon b1,2018-08-20,south,NA,0,0,NA,2018
gordon,gordon b1,2018-08-20,east,NA,0,0,NA,2018
gordon,gordon b1,2018-08-20,west,NA,0,0,NA,2018
gordon,gordon c1,2018-08-20,north,NA,0,0,NA,2018
gordon,gordon c1,2018-08-20,south,NA,0,0,NA,2018
gordon,gordon c1,2018-08-20,east,NA,0,0,NA,2018
gordon,gordon c1,2018-08-20,west,NA,0,0,NA,2018
gordon,gordon d1,2018-08-21,north,NA,0,0,NA,2018
gordon,gordon d1,2018-08-21,south,NA,0,0,NA,2018
gordon,gordon d1,2018-08-21,east,NA,0,0,NA,2018
gordon,gordon d1,2018-08-21,west,NA,0,0,NA,2018
gordon,gordon e1,2018-08-21,north,NA,0,0,NA,2018
gordon,gordon e1,2018-08-21,south,bear?,1,0,NA,2018
gordon,gordon e1,2018-08-21,east,NA,0,0,NA,2018
gordon,gordon e1,2018-08-21,west,deer,2,0,NA,2018
gordon,gordon f1,2018-08-21,north,NA,0,0,NA,2018
gordon,gordon f1,2018-08-21,south,NA,0,0,NA,2018
gordon,gordon f1,2018-08-21,east,NA,0,0,NA,2018
gordon,gordon f1,2018-08-21,west,NA,0,0,NA,2018
gordon,gordon g1,2018-08-22,north,NA,0,0,NA,2018
gordon,gordon g1,2018-08-22,south,NA,0,0,NA,2018
gordon,gordon g1,2018-08-22,east,NA,0,0,NA,2018
gordon,gordon g1,2018-08-22,west,NA,0,0,NA,2018
gordon,gordon h1,2018-08-22,north,NA,0,0,NA,2018
gordon,gordon h1,2018-08-22,south,NA,0,0,NA,2018
gordon,gordon h1,2018-08-22,east,NA,0,0,NA,2018
gordon,gordon h1,2018-08-22,west,NA,0,0,NA,2018
wes,i1,2019-04-02,north,NA,0,0,NA,2019
wes,i1,2019-04-02,south,NA,0,0,NA,2019
wes,i1,2019-04-02,east,NA,0,0,NA,2019
wes,i1,2019-04-02,west,NA,0,0,NA,2019
avonpark,n1,2019-04-11,north,cottontail,54,9,NA,2019
avonpark,n1,2019-04-11,north,cow,5,2,NA,2019
avonpark,n1,2019-04-11,south,cottontail,64,3,NA,2019
avonpark,n1,2019-04-11,south,cow,8,0,NA,2019
avonpark,n1,2019-04-11,east,cottontail,9,0,NA,2019
avonpark,n1,2019-04-11,east,cow,2,6,NA,2019
avonpark,n1,2019-04-11,west,cottontail,42,23,NA,2019
avonpark,n1,2019-04-11,west,cow,3,3,NA,2019
avonpark,i1,2019-04-11,north,cottontail,4,0,NA,2019
avonpark,i1,2019-04-11,north,cow,9,1,NA,2019
avonpark,i1,2019-04-11,south,cow,7,0,NA,2019
avonpark,i1,2019-04-11,east,cottontail,22,0,NA,2019
avonpark,i1,2019-04-11,east,cow,2,0,NA,2019
avonpark,i1,2019-04-11,west,cottontail,31,11,NA,2019
avonpark,i1,2019-04-11,west,cow,7,1,NA,2019
peaceriver,i3,2019-04-11,north,horse,1,0,NA,2019
peaceriver,i3,2019-04-11,south,NA,0,0,NA,2019
peaceriver,i3,2019-04-11,east,NA,0,0,NA,2019
peaceriver,i3,2019-04-11,west,horse,1,0,NA,2019
peaceriver,i2,2019-04-11,north,NA,0,0,NA,2019
peaceriver,i2,2019-04-11,south,NA,0,0,NA,2019
peaceriver,i2,2019-04-11,east,NA,0,0,NA,2019
peaceriver,i2,2019-04-11,west,NA,0,0,NA,2019
peaceriver,i1,2019-04-11,north,NA,0,0,NA,2019
peaceriver,i1,2019-04-11,south,deer,1,0,NA,2019
peaceriver,i1,2019-04-11,east,NA,0,0,NA,2019
peaceriver,i1,2019-04-11,west,NA,0,0,NA,2019
hancock,i1,2019-04-16,north,NA,0,0,NA,2019
hancock,i1,2019-04-16,south,NA,0,0,inv ends 15m,2019
hancock,i1,2019-04-16,east,NA,0,0,inv ends 33m,2019
hancock,i1,2019-04-16,west,NA,0,0,inv ends 13m,2019
hancock,i2,2019-04-16,north,NA,0,0,inv ends 34m,2019
hancock,i2,2019-04-16,south,cow,1,0,inv ends 31m,2019
hancock,i2,2019-04-16,east,NA,0,0,NA,2019
hancock,i2,2019-04-16,west,NA,0,0,NA,2019
hancock,n1,2019-04-16,north,cow,48,14,NA,2019
hancock,n1,2019-04-16,south,cow,14,5,NA,2019
hancock,n1,2019-04-16,east,cow,44,7,NA,2019
hancock,n1,2019-04-16,west,cow,46,18,NA,2019
riversedge,i1,2019-05-01,north,NA,0,0,NA,2019
riversedge,i1,2019-05-01,south,NA,0,0,NA,2019
riversedge,i1,2019-05-01,east,NA,0,0,inv ends 25m,2019
riversedge,i1,2019-05-01,west,NA,0,0,NA,2019
riversedge,i2,2019-05-01,north,NA,0,0,inv ends 37m,2019
riversedge,i2,2019-05-01,south,NA,0,0,inv ends 27m,2019
riversedge,i2,2019-05-01,east,NA,0,0,NA,2019
riversedge,i2,2019-05-01,west,NA,0,0,NA,2019
riversedge,i3,2019-05-01,north,NA,0,0,inv ends 38m,2019
riversedge,i3,2019-05-01,south,deer,2,0,inv ends 454m,2019
riversedge,i3,2019-05-01,east,NA,0,0,NA,2019
riversedge,i3,2019-05-01,west,NA,0,0,NA,2019
riversedge,n1,2019-05-01,north,NA,0,0,inv ends 37m,2019
riversedge,n1,2019-05-01,south,NA,0,0,NA,2019
riversedge,n1,2019-05-01,east,NA,0,0,NA,2019
riversedge,n1,2019-05-01,west,NA,0,0,inv ends 42m,2019
munson,i1,2019-04-30,north,deer,1,0,inv ends 32m,2019
munson,i1,2019-04-30,north,racoon,1,0,inv ends 32m,2019
munson,i1,2019-04-30,south,NA,0,0,inv ends 18m,2019
munson,i1,2019-04-30,east,NA,0,0,inv ends 10m,2019
munson,i1,2019-04-30,west,NA,0,0,inv ends 7m (water),2019
munson,n1,2019-05-01,north,NA,3,0,31m to fence,2019
munson,n1,2019-05-01,south,NA,0,0,NA,2019
munson,n1,2019-05-01,east,NA,4,0,NA,2019
munson,n1,2019-05-01,west,NA,0,0,"inv begins 18m, transect ends 24m (water)",2019
hancock,i3,2019-05-08,north,cow,7,0,NA,2019
hancock,i3,2019-05-08,south,cow,0,1,14m to water,2019
hancock,i3,2019-05-08,east,cow,1,0,"inv ends at 30m, fence at 40m",2019
hancock,i3,2019-05-08,west,NA,0,0,13m to water,2019
hancock,i4,2019-05-08,north,NA,0,0,40m to water,2019
hancock,i4,2019-05-08,south,NA,0,0,"40m to water, inv ends 13m",2019
hancock,i4,2019-05-08,east,cow,11,2,inv ends 47m,2019
hancock,i4,2019-05-08,west,cottontail,50,53,inv ends 24m,2019
hancock,n2,2019-05-08,north,cow,11,1,40m to fence,2019
hancock,n2,2019-05-08,south,cow,7,1,18m to water,2019
hancock,n2,2019-05-08,east,NA,0,0,NA,2019
hancock,n2,2019-05-08,west,NA,0,0,10m to water,2019
peaceriver,i4,2019-05-08,north,NA,0,0,NA,2019
peaceriver,i4,2019-05-08,south,NA,0,0,"30m to end, impassable",2019
peaceriver,i4,2019-05-08,east,rabbit,104,0,NA,2019
peaceriver,i4,2019-05-08,west,NA,0,0,NA,2019
peaceriver,i5,2019-05-08,north,deer,1,0,NA,2019
peaceriver,i5,2019-05-08,south,deer,1,0,NA,2019
peaceriver,i5,2019-05-08,east,NA,0,0,NA,2019
peaceriver,i5,2019-05-08,west,NA,0,0,NA,2019
peaceriver,n1,2019-05-08,north,NA,0,0,NA,2019
peaceriver,n1,2019-05-08,south,NA,0,0,NA,2019
peaceriver,n1,2019-05-08,east,NA,0,0,NA,2019
peaceriver,n1,2019-05-08,west,NA,0,0,NA,2019
wes,n1,2019-04-24,north,armadillo,1,0,native ends 32m,2019
wes,n1,2019-04-24,south,deer,1,0,native ends 34m,2019
wes,n1,2019-04-24,east,NA,0,0,NA,2019
wes,n1,2019-04-24,west,NA,0,0,native ends 31m,2019
wes,i2,2019-04-24,north,turkey,1,0,inv ends 22m,2019
wes,i2,2019-04-24,south,NA,0,0,inv ends 16m,2019
wes,i2,2019-04-24,east,cottontail,1,0,inv ends 19m,2019
wes,i2,2019-04-24,west,NA,0,0,inv ends 40m,2019
seay,n1,2019-04-23,north,NA,0,0,NA,2019
seay,n1,2019-04-23,south,NA,0,0,NA,2019
seay,n1,2019-04-23,east,deer,0,1,NA,2019
seay,n1,2019-04-23,west,gopher tortoise,1,0,NA,2019
seay,i1,2019-04-23,north,NA,0,0,32m to fence,2019
seay,i1,2019-04-23,south,deer,1,0,NA,2019
seay,i1,2019-04-23,east,NA,0,0,inv ends 16m,2019
seay,i1,2019-04-23,west,NA,0,0,22m to fence,2019
silversprings,n1,2019-04-26,north,deer,1,0,NA,2019
silversprings,n1,2019-04-26,south,deer,0,1,NA,2019
silversprings,n1,2019-04-26,east,deer,3,1,NA,2019
silversprings,n1,2019-04-26,west,NA,0,0,NA,2019
silversprings,i1,2019-04-26,north,turkey eggs,10,0,inv ends 14m,2019
silversprings,i1,2019-04-26,south,NA,0,0,inv ends 11m,2019
silversprings,i1,2019-04-26,east,turkey eggs,0,1,inv ends 15m,2019
silversprings,i1,2019-04-26,west,NA,0,0,inv ends 12m,2019
brown,n2,2019-04-26,north,deer,3,0,NA,2019
brown,n2,2019-04-26,south,deer,1,0,NA,2019
brown,n2,2019-04-26,east,cow,2,0,NA,2019
brown,n2,2019-04-26,east,deer,2,0,NA,2019
brown,n2,2019-04-26,west,deer,1,1,NA,2019
brown,i2,2019-04-26,north,deer,1,0,"deer outside invasion, inv ends 14m",2019
brown,i2,2019-04-26,north,cow,1,0,NA,2019
brown,i2,2019-04-26,south,cow,4,3,"cow outside invasion, inv ends 13m",2019
brown,i2,2019-04-26,east,cow,5,0,NA,2019
brown,i2,2019-04-26,east,turkey eggs,10,0,NA,2019
brown,i2,2019-04-26,west,deer,1,0,"deer outside invasion, inv ends 11m",2019
brown,i2,2019-04-26,west,cow,2,0,inv ends 11m,2019
brown,i3,2019-05-21,north,NA,0,0,inv ends 21m,2019
brown,i3,2019-05-21,south,cow,2,0,"both outside invasion 2 cow, inv ends 17m",2019
brown,i3,2019-05-21,south,deer,1,0,"1 deer outside invasion, inv ends 17m",2019
brown,i3,2019-05-21,east,cow,2,1,"all inside, inv ends 27m starts again 48m",2019
brown,i3,2019-05-21,west,NA,0,0,inv ends 15m,2019
brown,n3,2019-05-21,north,deer,1,0,NA,2019
brown,n3,2019-05-21,south,deer,2,0,NA,2019
brown,n3,2019-05-21,east,cow,3,0,NA,2019
brown,n3,2019-05-21,west,cow,3,0,37m to fence,2019
brown,i1,2019-05-21,north,NA,0,0,NA,2019
brown,i1,2019-05-21,south,cow,1,0,inv ends 39m,2019
brown,i1,2019-05-21,east,cow,3,0,inv ends 39m,2019
brown,i1,2019-05-21,west,cow,4,1,NA,2019
brown,n1,2019-05-21,north,cow,2,0,NA,2019
brown,n1,2019-05-21,south,cow,3,0,NA,2019
brown,n1,2019-05-21,east,deer,1,0,NA,2019
brown,n1,2019-05-21,west,cow,1,0,NA,2019
brown,n1,2019-05-21,west,deer,1,0,NA,2019
wes,i3,2019-05-15,north,NA,0,0,NA,2019
wes,i3,2019-05-15,south,NA,0,0,inv ends 25m,2019
wes,i3,2019-05-15,east,NA,0,0,"inv ends 9m, begins again 35m",2019
wes,i3,2019-05-15,west,NA,0,0,inv ends 11m,2019
seay,n2,2019-05-15,north,NA,NA,NA,NA,2019
seay,n2,2019-05-15,south,NA,NA,NA,NA,2019
seay,n2,2019-05-15,east,NA,NA,NA,NA,2019
seay,n2,2019-05-15,west,NA,NA,NA,NA,2019
seay,i2,2019-05-15,north,NA,NA,NA,NA,2019
seay,i2,2019-05-15,south,NA,NA,NA,NA,2019
seay,i2,2019-05-15,east,NA,NA,NA,NA,2019
seay,i2,2019-05-15,west,NA,NA,NA,NA,2019
