installation,date,plot_id,transect_id,standing_fuel_ht,litter_ht,duff_ht,pct_fuel,pct_litter,pct_bare,pct_green,standing_fuel_mass_wet,litter_mass_wet,standing_fuel_mass_dry,litter_mass_dry,standing_biomass_type,Notes,visit_year
blanding,2017-06-09,blanding c1,east,31,5,0,85,10,5,35,16,14,13.62,9.74,NA,NA,2017
blanding,2017-06-09,blanding c1,west,15,3,0,5,85,10,5,2,45,0.47,30.65,NA,NA,2017
blanding,2017-06-09,blanding c1,north,15,4,0,15,85,15,10,14,32,5.65,23.89,NA,NA,2017
blanding,2017-06-09,blanding c1,south,45,3,0,60,30,10,50,34,37,20.67,23.84,NA,NA,2017
blanding,2017-06-09,blanding a1,north,22,7,0,2,30,68,2,1,10.6,0.48,9.29,NA,NA,2017
blanding,2017-06-09,blanding a1,south,18,3,0,15,20,65,10,2.2,2.9,1.46,2.6,NA,NA,2017
blanding,2017-06-09,blanding a1,east,26,3,0,4,30,66,2,0.4,14.1,0.29,12.35,NA,NA,2017
blanding,2017-06-09,blanding a1,west,17,2,0,30,25,45,30,13,5,7.38,4.5,NA,NA,2017
blanding,2017-06-08,blanding b1,north,5,2,0,5,95,0,1,0.06,33.27,0.03,30.4,NA,NA,2017
blanding,2017-06-08,blanding b1,south,0,2,0,0,90,10,0,0,28.77,0,23.52,NA,NA,2017
blanding,2017-06-08,blanding b1,east,13,3,0,15,75,10,10,1,47.45,0.89,34.82,NA,NA,2017
blanding,2017-06-08,blanding b1,west,13,2,0,3,87,10,3,0.89,16.51,0.56,15.01,NA,NA,2017
blanding,2017-06-20,blanding d1,north,30,3,0,15,85,0,15,15.47,43.81,10.08,39.18,NA,NA,2017
blanding,2017-06-20,blanding d1,south,42,2,0,60,40,0,60,33.71,44.23,23.52,38.84,NA,NA,2017
blanding,2017-06-20,blanding d1,east,42,4,0,35,65,0,35,18.87,91,11.67,62.93,NA,NA,2017
blanding,2017-06-20,blanding d1,west,38,3,0,25,75,0,25,15.78,28.13,11.46,25.09,NA,NA,2017
blanding,2017-06-14,blanding e1,north,15,4,0,8,92,0,5,0.48,28.49,0.48,25.63,NA,NA,2017
blanding,2017-06-14,blanding e1,south,0,6,3,0,100,0,0,0,73.65,0,66.04,NA,NA,2017
blanding,2017-06-14,blanding e1,east,2,2,2,5,95,0,5,1.38,34.15,1.36,30.66,NA,NA,2017
blanding,2017-06-14,blanding e1,west,6,3,0,3,92,5,3,0.86,23.01,0.77,20.45,NA,NA,2017
blanding,2017-06-22,blanding f1,north,16,1,0,15,85,0,10,4.49,17.43,3.66,14.21,NA,NA,2017
blanding,2017-06-22,blanding f1,south,15,2,0.5,15,85,0,15,3.67,61.78,2.48,34.95,NA,NA,2017
blanding,2017-06-22,blanding f1,east,21,2,1,10,90,0,10,2,70.5,1.13,40.84,NA,NA,2017
blanding,2017-06-22,blanding f1,west,5,3,0.5,10,90,0,10,2.25,121.7,1.01,68.82,NA,NA,2017
blanding,2017-06-15,blanding g1,north,24,7,1,25,75,0,20,15.09,59.1,8.43,51.76,NA,NA,2017
blanding,2017-06-15,blanding g1,south,10,3,0,10,85,5,10,2.65,49.01,1.75,43.44,NA,NA,2017
blanding,2017-06-15,blanding g1,east,20,6,0,25,75,0,25,10.88,37.03,7.17,33.56,NA,NA,2017
blanding,2017-06-15,blanding g1,west,31,5,0,40,60,0,40,11.04,35.01,8.96,32.27,NA,NA,2017
blanding,2017-06-16,blanding h1,north,35,6,0,70,30,0,70,27.25,41.38,16.14,28.08,NA,NA,2017
blanding,2017-06-16,blanding h1,south,25,3,0,25,75,0,25,7.83,57.34,3.64,41.77,NA,NA,2017
blanding,2017-06-16,blanding h1,east,47,4,0,20,80,0,20,19.04,69.17,10.01,50.34,NA,NA,2017
blanding,2017-06-16,blanding h1,west,20,6,0,20,80,0,20,8.68,68.88,5.2,46.51,NA,NA,2017
avonpark,2017-06-27,avonpark a1,north,26,1,0,40,2,60,10,3.4,2.85,2.47,2.26,NA,NA,2017
avonpark,2017-06-27,avonpark a1,south,14,2,0,60,40,0,60,7.8,9.1,4.28,7.96,NA,NA,2017
avonpark,2017-06-27,avonpark a1,east,50,1,0,20,2,80,20,4.9,1.55,4.16,1.09,NA,NA,2017
avonpark,2017-06-27,avonpark a1,west,25,1,0,45,20,0,45,14.4,5.3,11.73,4.31,NA,NA,2017
avonpark,2017-06-29,avonpark b1,north,62,2,0,80,10,10,60,33.13,6.4,27.34,5.59,NA,NA,2017
avonpark,2017-06-29,avonpark b1,south,35,5,0,90,10,0,70,34.48,13.41,16.01,11.85,NA,NA,2017
avonpark,2017-06-29,avonpark b1,east,40,4,0,80,20,0,70,61.21,13.77,28.12,12.1,NA,NA,2017
avonpark,2017-06-29,avonpark b1,west,36,2,0,90,5,5,80,60.86,13.61,33.8,12.15,NA,NA,2017
avonpark,2017-06-28,avonpark c1,north,80,1,0,40,50,10,40,14.45,19.86,6.3,15.19,cogongrass,NA,2017
avonpark,2017-06-28,avonpark c1,south,30,2,0,35,45,10,35,31.77,17.67,15.15,13.73,NA,NA,2017
avonpark,2017-06-28,avonpark c1,east,110,3,0,65,30,5,50,54.1,23.51,28.68,19.61,cogongrass,NA,2017
avonpark,2017-06-28,avonpark c1,west,101,3,0,80,20,0,70,77.01,49.57,41.93,31.41,NA,NA,2017
avonpark,2017-06-30,avonpark d1,north,21,3,0,20,10,70,20,9.2,2.16,5.92,2.01,NA,NA,2017
avonpark,2017-06-30,avonpark d1,south,35,2,0,40,100,0,40,26.16,38.69,11.72,33.7,NA,NA,2017
avonpark,2017-06-30,avonpark d1,east,10,3,1.5,20,80,0,20,1.8,63.09,1.43,41.33,NA,NA,2017
avonpark,2017-06-30,avonpark d1,west,32,8,0,30,80,0,30,13.06,46.08,8.82,39.77,NA,NA,2017
tyndall,2017-07-20,tyndall h1,north,129,7,0,80,75,15,80,217.11,51.66,126.52,34.03,NA,NA,2017
tyndall,2017-07-20,tyndall h1,south,23,4,0,40,60,10,40,37.32,54.91,19.39,28.52,NA,NA,2017
tyndall,2017-07-20,tyndall h1,east,140,3,0,50,70,20,20,255.17,17.4,142.08,13.17,NA,NA,2017
tyndall,2017-07-20,tyndall h1,west,155,5,0,60,90,5,60,232.4,24.26,128.6,17.82,NA,NA,2017
tyndall,2017-07-20,tyndall d1,north,70,2,0,60,50,0,60,101.27,51.91,51.89,37.75,NA,NA,2017
tyndall,2017-07-20,tyndall d1,south,19,3,0.1,90,10,0,10,111.11,31.52,97.72,26.82,NA,NA,2017
tyndall,2017-07-20,tyndall d1,east,66,3,0,30,50,20,25,41.67,34.15,24.57,28.57,NA,NA,2017
tyndall,2017-07-20,tyndall d1,west,75,6,0,70,40,0,65,86.66,47.9,48.84,39.47,NA,NA,2017
tyndall,2017-07-20,tyndall b1,north,34,2,0,30,5,65,30,28,4.76,7.57,3.48,NA,NA,2017
tyndall,2017-07-20,tyndall b1,south,29,2,0,50,25,25,50,36.63,4.6,15.41,3.42,NA,NA,2017
tyndall,2017-07-20,tyndall b1,east,21,2,0,15,80,5,15,12.37,32.51,3.18,21.43,NA,NA,2017
tyndall,2017-07-20,tyndall b1,west,40,2,0,30,15,55,30,33.67,8.68,11.04,5.72,NA,NA,2017
tyndall,2017-07-20,tyndall b2,north,39,2,0,85,2,15,85,56.26,1.85,28.31,1.57,NA,NA,2017
tyndall,2017-07-20,tyndall b2,south,51,1,0,60,5,35,60,31.3,4.88,11.02,4.13,NA,NA,2017
tyndall,2017-07-20,tyndall b2,east,32,3,0,90,3,10,90,59.85,5.42,28.61,4.27,NA,NA,2017
tyndall,2017-07-20,tyndall b2,west,24,1,0,80,2,50,80,57.19,9.62,30.08,6.62,NA,NA,2017
eglin,2017-08-19,eglin p1,north,23,3,0,25,90,0,25,35.78,57.2,16.37,53.42,NA,NA,2017
eglin,2017-08-19,eglin p1,south,27,2,0,45,50,5,45,38.12,28.18,38.12,26.6,NA,NA,2017
eglin,2017-08-19,eglin p1,east,30,2,0,20,50,25,20,2.98,14.15,1.66,13.2,NA,NA,2017
eglin,2017-08-19,eglin p1,west,28,2,0,75,65,0,78,78.54,18.16,35.65,16.5,NA,NA,2017
eglin,2017-08-19,eglin b1,north,25,2,0,40,100,20,40,27.05,11.74,11.46,10.42,NA,NA,2017
eglin,2017-08-19,eglin b1,south,20,2,0,20,45,50,20,3.1,9.21,2.27,8.33,NA,NA,2017
eglin,2017-08-19,eglin b1,east,60,3,0,60,80,0,60,145.75,24.18,62.39,21.38,NA,NA,2017
eglin,2017-08-19,eglin b1,west,30,2,0,40,60,25,40,11.26,9.4,4.19,8.03,NA,NA,2017
eglin,2017-08-16,eglin h1,north,81,3,0,35,100,0,30,72.7,39.08,31.74,27.08,NA,NA,2017
eglin,2017-08-16,eglin h1,south,42,4,0.5,30,95,0,30,15.62,45.42,8.8,34.34,NA,NA,2017
eglin,2017-08-16,eglin h1,east,33,2,0,10,100,0,10,13.87,40.69,5.64,34.19,NA,NA,2017
eglin,2017-08-16,eglin h1,west,38,7,0.5,20,95,0,15,31.45,68.76,13.43,49.88,NA,NA,2017
eglin,2017-08-17,eglin d1,north,13,2,0,15,85,5,15,6.86,18.28,4.77,17.11,NA,NA,2017
eglin,2017-08-17,eglin d1,south,32,3,0,5,100,0,10,4.02,25.93,2.12,23.3,NA,NA,2017
eglin,2017-08-17,eglin d1,east,9,5,1.5,5,95,0,5,4,40.23,1.72,33.11,NA,NA,2017
eglin,2017-08-17,eglin d1,west,15,2,0,25,90,5,25,8.66,25.79,3.99,22.57,NA,NA,2017
moody,2017-08-30,moody a1,north,8,1,0,70,15,15,70,21.36,14.83,9.71,12.39,NA,NA,2017
moody,2017-08-30,moody a1,south,25,1,0,70,5,30,70,29.7,25.75,15.04,21.97,NA,NA,2017
moody,2017-08-30,moody a1,east,31,1,0,85,10,15,85,39.38,7.81,16.3,6.3,NA,NA,2017
moody,2017-08-30,moody a1,west,40,1,0,85,10,20,85,71.75,22.13,23.54,17.11,NA,NA,2017
moody,2017-08-30,moody k1,north,40,5,0,10,11,0,10,4.09,76.63,1.15,46.25,NA,NA,2017
moody,2017-08-30,moody k1,south,13,3,0,10,80,10,10,8.15,54.03,2.56,40.43,NA,NA,2017
moody,2017-08-30,moody k1,east,86,2,0,40,100,0,40,43.72,90.04,21.45,68.77,NA,NA,2017
moody,2017-08-30,moody k1,west,9,3,0.5,2,100,0,2,0.96,76.73,0.56,50.52,NA,NA,2017
moody,2017-08-29,moody b1,north,16,3,0,10,95,5,10,2.21,36.11,0.8,32,NA,NA,2017
moody,2017-08-29,moody b1,south,13,3,0,40,50,10,40,13.75,15.69,6.44,14.07,NA,NA,2017
moody,2017-08-29,moody b1,east,15,6,0,25,80,0,25,11.42,52.77,7.9,45.29,NA,NA,2017
moody,2017-08-29,moody b1,west,45,6,0,60,75,5,60,42.64,28.48,18.43,24.78,NA,NA,2017
shelby,2017-09-25,shelby g1,north,85,13,0.5,25,80,0,25,97.89,96.38,49.6,57.51,NA,NA,2017
shelby,2017-09-25,shelby g1,south,17,6,1,5,95,0,5,1.94,53.44,0.98,30.66,NA,NA,2017
shelby,2017-09-25,shelby g1,east,15,8,0,5,95,0,5,6.6,55.09,3.33,36.93,NA,NA,2017
shelby,2017-09-25,shelby g1,west,8,6,2,10,90,0,0,1.98,92.26,0.8,43.52,NA,NA,2017
shelby,2017-09-24,shelby b3,north,59,4,0,80,10,40,75,46.7,13.6,23.37,9.38,cogongrass,NA,2017
shelby,2017-09-24,shelby b3,south,74,4,0,80,10,25,60,48.89,63.48,25.59,40.76,cogongrass,NA,2017
shelby,2017-09-24,shelby b3,east,54,2,0,35,85,0,30,33.09,36.34,12.44,24.56,cogongrass,NA,2017
shelby,2017-09-24,shelby b3,west,95,1,0,85,15,15,75,84.68,19.31,38.11,10.75,cogongrass,NA,2017
shelby,2017-09-24,shelby b2,north,80,4,0,75,60,10,75,85.53,34.75,44.65,24.4,NA,NA,2017
shelby,2017-09-24,shelby b2,south,96,3,0.3,80,50,5,80,197.1,63.59,94.06,39.96,NA,NA,2017
shelby,2017-09-24,shelby b2,east,21,3,0,30,70,0,30,17.42,29.4,10.51,24.53,NA,NA,2017
shelby,2017-09-24,shelby b2,west,74,4,0,60,80,0,60,36.1,26.93,18.05,20.3,NA,NA,2017
shelby,2017-09-22,shelby b1,north,41,1,0,90,15,70,50,62.04,4.94,NA,3.99,NA,NA,2017
shelby,2017-09-22,shelby b1,south,200,37,6,95,5,0,80,386.3,9.9,182.18,8.54,NA,NA,2017
shelby,2017-09-22,shelby b1,east,78,11,0,85,50,5,75,45.96,12.94,19.81,11.03,NA,NA,2017
shelby,2017-09-22,shelby b1,west,119,3,1,25,70,5,25,30.84,11.62,13.67,9.51,NA,NA,2017
shelby,2017-09-21,shelby f1,north,37,6,0.5,60,40,0,30,12.05,34.35,6.12,20.76,NA,NA,2017
shelby,2017-09-21,shelby f1,south,42,4,1,30,80,0,30,38.47,31.26,22.53,25.87,NA,NA,2017
shelby,2017-09-21,shelby f1,east,86,3,0,50,40,10,35,29.18,135.39,15.65,103.21,NA,NA,2017
shelby,2017-09-21,shelby f1,west,67,4,0,70,15,15,40,29.31,12.23,14.89,10.7,cogongrass,NA,2017
shelby,2017-09-23,shelby d1,north,17,9,1,50,70,0,45,10.56,43.77,6.6,38.84,NA,NA,2017
shelby,2017-09-23,shelby d1,south,6,4,1,5,95,0,6,2.45,103.9,1.51,95.43,NA,NA,2017
shelby,2017-09-23,shelby d1,east,33,4,0,40,60,0,35,18.16,64.96,8.16,59.05,NA,NA,2017
shelby,2017-09-23,shelby d1,west,74,6,0,65,35,0,30,17.15,49.6,8.92,43.91,NA,NA,2017
blanding,2018-05-19,blanding g1,north,34,2,0,40,100,0,40,39.82,45.92,24.63,13.38,NA,NA,2018
blanding,2018-05-19,blanding g1,south,22,3,0,30,95,5,30,20.36,42.35,7.81,26.26,NA,NA,2018
blanding,2018-05-19,blanding g1,east,32,3,0,30,95,5,30,17.36,103.55,5.9,81.18,NA,NA,2018
blanding,2018-05-19,blanding g1,west,27,2,0,80,90,10,85,70.57,8.85,29.32,5.85,NA,NA,2018
blanding,2018-05-22,blanding m1,north,11,3,0,25,65,15,25,16.28,21.33,10.56,15.6,NA,NA,2018
blanding,2018-05-22,blanding m1,south,3,3,0.5,5,90,0,5,3,176.84,1.58,81.58,NA,NA,2018
blanding,2018-05-22,blanding m1,east,4,2,0,3,98,0,31,0.97,96.87,0.29,58.43,NA,NA,2018
blanding,2018-05-22,blanding m1,west,29,2,0,20,100,0,20,28.62,122.18,17.18,72.36,NA,NA,2018
blanding,2018-05-22,blanding k1,north,19,3,1,5,100,0,5,3.88,195.63,1.95,80.59,NA,NA,2018
blanding,2018-05-22,blanding k1,south,7,2,2,1,100,0,1,0.69,60.18,0.01,34.23,NA,NA,2018
blanding,2018-05-22,blanding k1,east,5,3,2,1,100,0,1,1.65,168.34,0.61,70.93,NA,NA,2018
blanding,2018-05-22,blanding k1,west,11,2,1,2,100,0,2,1.18,135.31,0.58,44.83,NA,NA,2018
blanding,2018-05-24,blanding n1,north,22,2,0,75,15,20,40,12.5,5.64,6.53,4.66,NA,NA,2018
blanding,2018-05-24,blanding n1,south,22,3,0,25,95,5,20,9.98,18.67,5.28,17.13,NA,NA,2018
blanding,2018-05-24,blanding n1,east,17,2,0,15,95,0,20,4.34,49.08,2.59,44.88,NA,NA,2018
blanding,2018-05-24,blanding n1,west,26,2,0,15,90,10,15,3.82,14.82,2.17,13.57,NA,NA,2018
blanding,2018-05-25,blanding j1,north,23,2,0,15,100,0,15,8.05,34.41,4.49,27.1,NA,NA,2018
blanding,2018-05-25,blanding j1,south,33,3,0.5,40,100,0,10,4.37,94.05,2.42,53.73,NA,NA,2018
blanding,2018-05-25,blanding j1,east,21,4,0.5,40,100,0,40,4.37,66.12,5.31,33.02,NA,NA,2018
blanding,2018-05-25,blanding j1,west,22,3,1,10,100,0,10,5.75,55.36,3.35,41.47,NA,NA,2018
blanding,2018-05-25,blanding i1,west,21,2,0.5,60,100,0,60,2.37,45.93,0.76,24.53,NA,NA,2018
blanding,2018-05-25,blanding i1,south,21,3,0,15,100,0,15,2.25,18.56,0.83,15.49,NA,NA,2018
blanding,2018-05-25,blanding i1,east,8,3,1,10,100,0,10,19.31,38.7,7.34,31.15,NA,NA,2018
blanding,2018-05-25,blanding i1,north,15,4,1,10,100,0,10,3.42,36.4,1.01,33.87,NA,NA,2018
blanding,2018-05-17,blanding h1,north,7,1,0,35,85,15,35,12.34,79.67,4.06,13.65,NA,NA,2018
blanding,2018-05-17,blanding h1,south,22,1,0,15,45,55,15,5.75,33.07,2.65,18.58,NA,NA,2018
blanding,2018-05-17,blanding h1,east,21,2,0,40,75,25,40,26.63,81.65,6.73,49.02,NA,NA,2018
blanding,2018-05-17,blanding h1,west,16,2,0,30,95,5,30,10.01,30.63,2.44,20.62,NA,NA,2018
blanding,2018-05-16,blanding c1,north,30,2,0,10,75,25,7,1.83,17.05,1.8,15.31,NA,NA,2018
blanding,2018-05-16,blanding c1,south,36,2,0,40,15,80,35,35.33,10.33,16.67,9.13,NA,NA,2018
blanding,2018-05-16,blanding c1,east,25,3,0,15,85,10,13,4.25,30.63,2.85,34.64,NA,NA,2018
blanding,2018-05-16,blanding c1,west,18,3,0,25,25,5,0,4.64,47.4,3.72,46.9,NA,NA,2018
blanding,2018-05-16,blanding theater_cogon,north,30,5,1,20,100,0,20,13.11,256.66,4.89,133.46,NA,NA,2018
blanding,2018-05-16,blanding theater_cogon,south,39,3,0,45,95,0,40,23.42,33.28,10.66,29.55,NA,NA,2018
blanding,2018-05-16,blanding theater_cogon,east,66,10,1.5,10,100,0,10,13.26,267.08,13.26,115.4,NA,NA,2018
blanding,2018-05-16,blanding theater_cogon,west,7,2,0,5,90,10,5,1.72,126.9,0.75,55.47,NA,NA,2018
eglin,2018-06-13,eglin j1,north,18,5,1,1,100,0,1,1.28,212.83,0.13,79.72,NA,NA,2018
eglin,2018-06-13,eglin j1,south,15,3,1,2,100,0,2,1.97,91.97,0.41,34.87,NA,NA,2018
eglin,2018-06-13,eglin j1,east,11,3,2,20,100,0,20,3.96,140.28,1.68,61.6,NA,NA,2018
eglin,2018-06-13,eglin j1,west,5,3,2,2,100,0,2,0.83,79.71,0.01,31.87,NA,NA,2018
eglin,2018-06-13,eglin c1,north,25,2,0,45,100,0,45,38.67,41.97,17.38,28.58,NA,NA,2018
eglin,2018-06-13,eglin c1,south,29,2,0,25,100,0,25,21.53,50.07,10.37,35.8,NA,NA,2018
eglin,2018-06-13,eglin c1,east,21,2,0,40,90,5,40,38.54,47.51,18.91,34.97,NA,NA,2018
eglin,2018-06-13,eglin c1,west,28,2,0,40,95,5,40,23.56,28.44,6.61,16.56,NA,NA,2018
eglin,2018-06-11,eglin a1,north,26,1,0,65,60,10,50,41.52,13.97,25.76,13.97,NA,NA,2018
eglin,2018-06-11,eglin a1,south,25,1,0,25,85,10,20,4.21,21.99,2.9,21.5,NA,NA,2018
eglin,2018-06-11,eglin a1,east,18,1,0,50,10,80,50,6.92,8.32,4.94,8.32,NA,NA,2018
eglin,2018-06-11,eglin a1,west,37,1,0,35,50,40,30,13.28,13.13,9.66,10.63,NA,NA,2018
eglin,2018-06-11,eglin g1,north,20,2,0,25,95,5,25,10.23,142.55,4.06,77.25,NA,NA,2018
eglin,2018-06-11,eglin g1,south,9,2,1,5,99,0,1,6.66,87.34,5.28,32.5,NA,NA,2018
eglin,2018-06-11,eglin g1,east,29,2,0,20,90,5,20,11.23,85.57,4.38,37.73,NA,NA,2018
eglin,2018-06-11,eglin g1,west,4,2,0.5,5,100,0,5,0.98,73.09,0.57,30.21,NA,NA,2018
eglin,2018-06-12,eglin i1,north,28,6,1,5,100,0,5,1.06,89,0.34,65.91,NA,NA,2018
eglin,2018-06-12,eglin i1,south,41,5,0.5,40,95,5,40,22.45,52.09,15.36,34.52,NA,NA,2018
eglin,2018-06-12,eglin i1,east,23,4,0.5,25,100,0,25,4.87,67.27,2.9,49.69,NA,NA,2018
eglin,2018-06-12,eglin i1,west,18,5,0,5,100,0,5,0.69,84.16,0.48,42,NA,NA,2018
eglin,2018-06-12,eglin e1,north,14,0.5,0,20,5,95,20,2.98,3.18,1.84,2.05,NA,NA,2018
eglin,2018-06-12,eglin e1,south,20,3,0,50,25,70,50,6.55,73.44,6.55,61.09,NA,NA,2018
eglin,2018-06-12,eglin e1,east,16,1,0,25,90,10,25,4.77,26.6,3.1,26.6,NA,NA,2018
eglin,2018-06-12,eglin e1,west,18,1,0,25,5,90,25,11.67,4.13,6.66,2.91,NA,NA,2018
eglin,2018-06-15,eglin f1,north,57,1,0,40,60,40,40,85.66,24.98,35.54,13.42,NA,NA,2018
eglin,2018-06-15,eglin f1,south,57,3,0,40,100,0,40,67.71,75.93,34.74,26.62,NA,NA,2018
eglin,2018-06-15,eglin f1,east,52,3,0,55,85,10,50,58.14,39.43,24.4,21.53,NA,NA,2018
eglin,2018-06-15,eglin f1,west,34,3,0,30,90,10,30,41.71,48.82,18.43,25.55,NA,NA,2018
eglin,2018-06-15,eglin b2,north,20,3,0,40,95,5,20,13.04,38.83,6.82,29.28,NA,NA,2018
eglin,2018-06-15,eglin b2,south,27,3,0,20,90,5,20,13.32,26.06,6.34,19.57,NA,NA,2018
eglin,2018-06-15,eglin b2,east,37,3,0,40,90,10,40,28.95,28.49,12.87,18.41,NA,NA,2018
eglin,2018-06-15,eglin b2,west,33,3,0,70,65,20,50,24.01,15.74,12.45,11.3,NA,NA,2018
avonpark,2018-06-01,avonpark i1,north,39,2,0,80,20,0,50,47.85,25.3,29.56,15.83,NA,NA,2018
avonpark,2018-06-01,avonpark i1,south,40,2,0,65,50,0,30,17.15,15.01,8.32,8.85,NA,NA,2018
avonpark,2018-06-01,avonpark i1,east,53,4,0,50,50,10,25,37.75,16.16,18.81,12.52,NA,NA,2018
avonpark,2018-06-01,avonpark i1,west,45,2,0,40,60,20,25,35.62,16.6,18.94,8.74,NA,NA,2018
avonpark,2018-05-31,avonpark a2,north,35,1,0,25,60,35,25,9.93,32.15,4.48,15.07,NA,NA,2018
avonpark,2018-05-31,avonpark a2,south,21,3,0,80,15,5,60,8.5,17.05,9.51,3.55,NA,NA,2018
avonpark,2018-05-31,avonpark a2,east,49,3,0,50,90,5,45,41.4,149.03,69.61,20.53,NA,NA,2018
avonpark,2018-05-31,avonpark a2,west,22,3,0,10,90,5,8,5.09,29.6,1.59,13.48,NA,NA,2018
avonpark,2018-05-31,avonpark g1,north,56,8,0,80,30,0,60,86.85,143.65,38.77,67.18,NA,NA,2018
avonpark,2018-05-31,avonpark g1,south,40,10,0.5,90,20,0,65,58.42,195.65,32.87,81.93,NA,NA,2018
avonpark,2018-05-31,avonpark g1,east,37,15,0.5,15,85,0,15,25.83,377.1,6.9,151.27,NA,NA,2018
avonpark,2018-05-31,avonpark g1,west,31,8,0,40,65,0,35,46.2,254.75,17.23,101.68,NA,NA,2018
avonpark,2018-06-01,avonpark h1,north,23,1,0,75,5,20,75,30,12.04,16.77,7.53,NA,NA,2018
avonpark,2018-06-01,avonpark h1,south,29,1,0,40,25,65,35,33.83,7.55,17.74,3.48,NA,NA,2018
avonpark,2018-06-01,avonpark h1,east,27,1,0,50,10,65,45,25.22,4.1,14.85,2.49,NA,NA,2018
avonpark,2018-06-01,avonpark h1,west,34,1,0,35,10,80,30,42.85,7.68,18.7,2.65,NA,NA,2018
avonpark,2018-05-31,avonpark f1,north,33,2,0,50,25,70,50,27.55,11.55,10,5.64,NA,NA,2018
avonpark,2018-05-31,avonpark f1,south,18,1,0,65,5,80,65,33.95,1.2,14.98,0.82,NA,NA,2018
avonpark,2018-05-31,avonpark f1,east,41,0.5,0,40,5,85,40,16.45,1.22,6.12,0.86,NA,NA,2018
avonpark,2018-05-31,avonpark f1,west,40,1,0,15,5,75,12,8.45,1.71,1.65,1.34,NA,NA,2018
avonpark,2018-05-29,avonpark e1,north,25,0.5,0,60,10,30,50,6.58,7.82,1.9,4.64,NA,NA,2018
avonpark,2018-05-29,avonpark e1,south,38,0.5,0,80,10,10,75,25.56,10.63,12.97,6.91,NA,NA,2018
avonpark,2018-05-29,avonpark e1,east,23,1,0,80,15,5,70,21.86,22.66,9.76,13.2,NA,NA,2018
avonpark,2018-05-29,avonpark e1,west,34,4,0,70,60,0,60,15.29,23.63,6.47,16.07,NA,NA,2018
avonpark,2018-05-30,avonpark a1,north,25,1,0,15,15,80,14,7.88,6.98,3.2,3.91,NA,NA,2018
avonpark,2018-05-30,avonpark a1,south,28,2,0,40,80,20,35,5.16,11.27,0.43,7.46,NA,NA,2018
avonpark,2018-05-30,avonpark a1,east,45,2,0,75,40,40,70,29.54,7.43,14.58,4.67,NA,NA,2018
avonpark,2018-05-30,avonpark a1,west,42,2,0,80,75,20,65,32.78,22.65,14.2,14.22,NA,NA,2018
avonpark,2018-05-29,avonpark e2,north,100,2,0,90,10,10,80,102.88,5.75,28.4,2.22,NA,NA,2018
avonpark,2018-05-29,avonpark e2,south,80,2,0,70,5,25,65,52.28,8.93,26.94,2.14,NA,NA,2018
avonpark,2018-05-29,avonpark e2,east,45,0.5,0,75,5,0,76,35.96,10.87,9.1,3.77,NA,NA,2018
avonpark,2018-05-29,avonpark e2,west,63,2,0,90,25,10,75,81.32,12.4,35.16,5.29,NA,NA,2018
avonpark,2018-05-31,avonpark c1,north,49,7,0,80,10,3,30,99.4,61.5,55.76,34.27,NA,NA,2018
avonpark,2018-05-31,avonpark c1,south,51,7,0,35,75,0,50,46.31,59.95,25.06,31.19,NA,NA,2018
avonpark,2018-05-31,avonpark c1,east,44,2,0,40,60,0,5,17.3,26.05,7.82,13.9,NA,NA,2018
avonpark,2018-05-31,avonpark c1,west,70,2,0,95,10,0,20,155.25,85.76,92.85,61.45,NA,NA,2018
avonpark,2018-05-31,avonpark c2,north,48,3,0,55,95,5,50,39.45,29.85,16.52,15.03,NA,NA,2018
avonpark,2018-05-31,avonpark c2,south,37,3,0,50,80,10,55,38.65,8.65,24.95,5.38,NA,NA,2018
avonpark,2018-05-31,avonpark c2,east,73,4,0,80,10,10,40,31.95,26.22,15.81,12.95,NA,NA,2018
avonpark,2018-05-31,avonpark c2,west,82,4,0,70,10,5,20,72.85,25.66,50.33,16.02,NA,NA,2018
tyndall,2018-06-25,tyndall b1,north,19,1,0,55,60,40,50,29.73,48.79,15.11,41.13,NA,NA,2018
tyndall,2018-06-25,tyndall b1,south,39,2,0,35,60,30,35,23.12,29.9,14.51,24.98,NA,NA,2018
tyndall,2018-06-25,tyndall b1,east,29,1,0,35,80,20,30,35.89,32.27,21.98,26.75,NA,NA,2018
tyndall,2018-06-25,tyndall b1,west,26,2,0,60,45,30,60,33.29,39.78,21.96,35.34,NA,NA,2018
tyndall,2018-06-25,tyndall b2,north,47,0.5,0,100,10,10,95,101.64,7.94,59.01,5.71,NA,NA,2018
tyndall,2018-06-25,tyndall b2,south,41,1,0,60,40,40,60,45.25,9.68,27.54,5.38,NA,NA,2018
tyndall,2018-06-25,tyndall b2,east,37,1,0,90,10,10,80,44.38,7.14,26.9,7.49,NA,NA,2018
tyndall,2018-06-25,tyndall b2,west,41,1,0,65,50,20,65,67.83,25.79,44.45,18.81,NA,NA,2018
tyndall,2018-06-27,tyndall b3,north,50,4,0,25,90,10,20,33.33,21.02,17.93,12.54,NA,NA,2018
tyndall,2018-06-27,tyndall b3,south,77,1,0,55,100,0,50,54.68,61.53,35.24,49.78,NA,NA,2018
tyndall,2018-06-27,tyndall b3,east,68,1,0,35,30,35,30,29.15,28.31,9.68,22.69,NA,NA,2018
tyndall,2018-06-27,tyndall b3,west,65,1,0,80,15,5,70,46,11.13,18.4,8.29,NA,NA,2018
tyndall,2018-06-27,tyndall b4,north,60,2,0,70,40,10,50,48.68,9.84,27.49,8.28,NA,NA,2018
tyndall,2018-06-27,tyndall b4,south,61,1,0,55,80,15,50,48.41,20.28,25.43,17.26,NA,NA,2018
tyndall,2018-06-27,tyndall b4,east,46,3,0,65,20,50,60,42.67,9.33,23.07,7.23,NA,NA,2018
tyndall,2018-06-27,tyndall b4,west,68,3,0,70,80,10,65,85.98,15.06,41.06,12.94,NA,NA,2018
tyndall,2018-06-25,tyndall d2,north,12,6,0.5,1,100,0,1,0.75,117.56,0.1,63.1,NA,NA,2018
tyndall,2018-06-25,tyndall d2,south,41,8,0,10,100,0,10,6.21,123.09,2.93,81.76,NA,NA,2018
tyndall,2018-06-25,tyndall d2,east,8,4,0.5,8,100,0,0,0,181.11,0,90.64,NA,NA,2018
tyndall,2018-06-25,tyndall d2,west,39,8,0,25,100,0,25,9.48,172.85,4.1,120.28,NA,NA,2018
tyndall,2018-06-26,tyndall c1,north,57,2,0,75,95,5,70,79.79,150.56,39.2,126.73,NA,NA,2018
tyndall,2018-06-26,tyndall c1,south,118,2,0,50,95,5,50,113.15,81.3,78.35,68.44,NA,NA,2018
tyndall,2018-06-26,tyndall c1,east,79,4,0,45,95,5,45,79.22,84.85,39.58,73.13,NA,NA,2018
tyndall,2018-06-26,tyndall c1,west,84,3,0,60,85,5,60,72.76,16.75,44.25,12.99,NA,NA,2018
tyndall,2018-06-26,tyndall c2,north,60,3,0,20,90,10,20,41.57,35.36,23.82,30.03,NA,NA,2018
tyndall,2018-06-26,tyndall c2,south,120,3,0,60,90,5,60,165.73,69.99,92.91,59.98,NA,NA,2018
tyndall,2018-06-26,tyndall c2,east,133,2,0,60,100,0,60,195.25,89.71,121.19,76.37,NA,NA,2018
tyndall,2018-06-26,tyndall c2,west,89,7,0,40,95,0,40,128.34,65.87,77.79,57.13,NA,NA,2018
jackson,2018-07-09,jackson a1,north,18,7,0,15,99,0,15,3.04,144.32,2.86,130.23,NA,NA,2018
jackson,2018-07-09,jackson a1,south,20,2,0,5,80,20,5,0.2,27.51,0.25,25.5,NA,NA,2018
jackson,2018-07-09,jackson a1,east,37,5,0,95,40,0,95,11.73,44.36,10.74,40.15,NA,NA,2018
jackson,2018-07-09,jackson a1,west,0,7,1,0,100,0,0,0,180.41,0,161.45,NA,NA,2018
jackson,2018-07-09,jackson b1,north,14,5,0,1,97,3,1,0.05,83.99,0.05,77.87,NA,NA,2018
jackson,2018-07-09,jackson b1,south,36,2,0,20,85,15,20,1.49,29.57,1.4,27.34,NA,NA,2018
jackson,2018-07-09,jackson b1,east,10,2,0,5,100,0,5,0.03,45.47,0.03,41.9,NA,NA,2018
jackson,2018-07-09,jackson b1,west,18,3,0,5,92,8,5,1.25,49.59,1.08,46.99,NA,NA,2018
jackson,2018-07-09,jackson c1,north,0,4,0,0,95,5,0,0,177.17,0,166.38,NA,NA,2018
jackson,2018-07-09,jackson c1,south,0,4,0,0,95,5,0,0,42.97,0,40,NA,NA,2018
jackson,2018-07-09,jackson c1,east,23,4,0,20,50,50,20,5.04,13.95,4.53,13.03,NA,NA,2018
jackson,2018-07-09,jackson c1,west,22,3,0,25,50,50,25,4.01,14.34,3.74,13.34,NA,NA,2018
jackson,2018-07-09,jackson d1,north,10,2,0.5,25,100,0,25,2.13,34.43,1.87,31.51,NA,NA,2018
jackson,2018-07-09,jackson d1,south,9,6,1,5,100,0,5,0.29,43.53,0.23,39.88,NA,NA,2018
jackson,2018-07-09,jackson d1,east,22,9,0,10,100,0,10,1.15,28.71,1.12,26.74,NA,NA,2018
jackson,2018-07-09,jackson d1,west,12,5,1,5,100,0,5,0.32,41.65,0.3,38.08,NA,NA,2018
jackson,2018-07-10,jackson e1,north,17,14,0,4,80,20,2,0.25,26.77,0.15,25.16,NA,NA,2018
jackson,2018-07-10,jackson e1,south,20,2,0,20,90,10,20,6.95,36.6,4.79,33.85,NA,NA,2018
jackson,2018-07-10,jackson e1,east,18,4,0,10,45,55,5,1.03,20.84,0.87,19.79,NA,NA,2018
jackson,2018-07-10,jackson e1,west,18,2,0,2,100,0,2,0.83,41.72,0.8,38.68,NA,NA,2018
jackson,2018-07-10,jackson f1,north,0,4,0,0,95,5,0,0,33.4,0,30.98,NA,NA,2018
jackson,2018-07-10,jackson f1,south,6,7,0,2,100,0,2,0.07,96.63,0.01,89.86,NA,NA,2018
jackson,2018-07-10,jackson f1,east,28,3,0,5,90,10,5,1.79,73.6,1.22,68,NA,NA,2018
jackson,2018-07-10,jackson f1,west,44,3,0,40,95,5,40,20.37,52.73,17.48,48.13,NA,NA,2018
jackson,2018-07-10,jackson g1,north,26,3,0,50,100,0,50,16.6,86.88,14.34,79.92,NA,NA,2018
jackson,2018-07-10,jackson g1,south,2,2,0,20,80,20,20,19.46,18.73,18.54,17.94,NA,NA,2018
jackson,2018-07-10,jackson g1,east,15,3,0,25,100,0,25,2.67,42.31,2.49,38.91,NA,NA,2018
jackson,2018-07-10,jackson g1,west,40,8,0,25,100,0,25,8.96,54.33,7.38,48.4,NA,NA,2018
jackson,2018-07-12,jackson h1,north,52,8,0,60,100,0,80,57.47,49.39,34.58,44.11,NA,NA,2018
jackson,2018-07-12,jackson h1,south,20,6,0,35,100,0,30,18.61,42.2,14.17,37.7,NA,NA,2018
jackson,2018-07-12,jackson h1,east,14,3,0,25,100,0,20,3.34,97.02,2.31,87.4,NA,NA,2018
jackson,2018-07-12,jackson h1,west,13,2,0,40,100,0,40,10.94,127.39,7.58,111.2,NA,NA,2018
jackson,2018-07-11,jackson i1,north,29,2,0,15,85,15,10,2.06,30.17,1.84,27.51,NA,NA,2018
jackson,2018-07-11,jackson i1,south,20,3,0,15,80,20,10,2.67,34.55,2.39,32.24,NA,NA,2018
jackson,2018-07-11,jackson i1,east,12,2,0,25,80,20,25,4.48,25.37,3.86,23.29,NA,NA,2018
jackson,2018-07-11,jackson i1,west,14,3,0,4,100,0,4,0.97,65.41,0.82,62.14,NA,NA,2018
jackson,2018-07-11,jackson j1,north,58,3,0,20,95,5,20,20.26,42.23,17.5,39.63,NA,NA,2018
jackson,2018-07-11,jackson j1,south,21,3,0,25,100,0,25,4.05,47.87,3.67,43.35,NA,NA,2018
jackson,2018-07-11,jackson j1,east,16,3,0,35,100,0,35,7.74,25.57,6.98,24.06,NA,NA,2018
jackson,2018-07-11,jackson j1,west,35,3,0,30,95,5,30,7.66,27.21,7.04,25.52,NA,NA,2018
jackson,2018-07-11,jackson k1,north,18,2,0,2,100,0,2,0.51,44.33,0.08,40.72,NA,NA,2018
jackson,2018-07-11,jackson k1,south,28,2,0,10,50,50,10,1.35,5.5,0.8,4.64,NA,NA,2018
jackson,2018-07-11,jackson k1,east,30,2,0,20,90,10,20,1.65,11.26,1.23,10.2,NA,NA,2018
jackson,2018-07-11,jackson k1,west,32,2,0,15,90,10,15,2.68,16.03,2.16,14.53,NA,NA,2018
jackson,2018-07-13,jackson l1,north,21,6,0,10,100,0,10,13.8,120.66,5.42,77.08,NA,NA,2018
jackson,2018-07-13,jackson l1,south,22,5,0.5,70,100,0,65,25.61,135.84,11.11,76,NA,NA,2018
jackson,2018-07-13,jackson l1,east,31,5,0,20,100,0,20,9.31,117.52,3.15,80.7,NA,NA,2018
jackson,2018-07-13,jackson l1,west,14,5,0,30,100,0,30,9.03,98.51,3.41,58.14,NA,NA,2018
jackson,2018-07-13,jackson m1,north,23,3,0,10,80,20,10,4.27,25.51,1.68,16.63,NA,NA,2018
jackson,2018-07-13,jackson m1,south,14,6,0,10,100,0,10,3.04,163.91,1.06,90.5,NA,NA,2018
jackson,2018-07-13,jackson m1,east,29,6,0,50,100,0,50,14.67,91.92,6.06,54.34,NA,NA,2018
jackson,2018-07-13,jackson m1,west,19,6,0,25,100,0,25,4.75,236.57,1.86,149.05,NA,NA,2018
benning,2018-07-24,benning a1,north,38,4,0,35,100,0,35,16.01,35.84,8.54,25.17,NA,NA,2018
benning,2018-07-24,benning a1,south,53,3,0,50,100,0,50,22.8,41.83,11.47,31.38,NA,NA,2018
benning,2018-07-24,benning a1,east,72,3,0,50,95,0,50,66.35,33.46,36.78,23.48,NA,NA,2018
benning,2018-07-24,benning a1,west,45,2,0,45,100,0,45,45.19,77.64,25.05,35.49,NA,NA,2018
benning,2018-07-24,benning b1,north,31,2,0,70,70,0,60,23.4,75.6,10.3,49.94,NA,NA,2018
benning,2018-07-24,benning b1,south,48,4,0,30,100,0,30,15.1,64.06,6.1,48.24,NA,NA,2018
benning,2018-07-24,benning b1,east,35,3,0,30,100,0,30,14.57,75.88,5.38,59.42,NA,NA,2018
benning,2018-07-24,benning b1,west,29,2,0,50,80,5,50,22.32,32.29,10.87,24.04,NA,NA,2018
benning,2018-07-25,benning c1,north,42,2,0,65,70,25,55,22.04,10.37,9.23,7.43,NA,NA,2018
benning,2018-07-25,benning c1,south,65,1,0,75,5,90,75,335.39,4.45,180.21,2.89,NA,"changed to 335.39 from 135.39, there was at least one 300+ from benning and it is not reported anywhere for this installation, data sheet says 135.39",2018
benning,2018-07-25,benning c1,east,173,1,0,80,15,80,75,49.95,6.03,19.13,3.91,NA,NA,2018
benning,2018-07-25,benning c1,west,61,1,0,55,80,20,50,54.97,28.14,21.05,19,NA,NA,2018
benning,2018-07-25,benning d1,north,33,2,0,65,30,15,55,49.77,26.05,26.08,19.64,NA,NA,2018
benning,2018-07-25,benning d1,south,63,2,0,50,75,10,50,57.67,29,27.31,22.77,NA,NA,2018
benning,2018-07-25,benning d1,east,51,2,0,70,50,10,65,52.95,8.56,29.1,5.88,NA,NA,2018
benning,2018-07-25,benning d1,west,57,1,0,55,50,15,50,22.26,15.63,12.93,11.92,NA,NA,2018
benning,2018-07-26,benning e1,north,47,3,0,50,95,0,50,16.48,71.21,6.99,53.2,NA,NA,2018
benning,2018-07-26,benning e1,south,22,3,0,20,100,0,20,2.6,41.05,1.06,34.48,NA,NA,2018
benning,2018-07-26,benning e1,east,24,3,0,40,100,0,40,12.34,32.05,5.28,24.7,NA,NA,2018
benning,2018-07-26,benning e1,west,28,3,0,35,100,0,35,12.09,35.65,5.51,28.52,NA,NA,2018
benning,2018-07-26,benning f1,north,14,2,0,30,100,0,30,10.03,54.32,5.72,43.14,NA,NA,2018
benning,2018-07-26,benning f1,south,18,3,0,30,100,0,30,16.02,60.15,8.49,50.7,NA,NA,2018
benning,2018-07-26,benning f1,east,18,2,0,10,95,5,10,3.51,47.47,1.82,39.59,NA,NA,2018
benning,2018-07-26,benning f1,west,30,5,0,30,100,0,30,8.95,67.68,3.7,49.61,NA,NA,2018
benning,2018-07-27,benning j1,north,30,1,0,75,40,60,70,24.97,9.48,10.81,7.74,NA,NA,2018
benning,2018-07-27,benning j1,south,100,2,0,50,50,50,50,43.81,19,18.9,15.79,NA,NA,2018
benning,2018-07-27,benning j1,east,62,3,0,60,25,75,60,36.48,10.74,17.43,9.15,NA,NA,2018
benning,2018-07-27,benning j1,west,43,1,0,50,20,80,45,26.59,9.12,12.52,7.26,NA,NA,2018
benning,2018-07-27,benning i1,north,18,1,0,30,95,5,30,5.16,20.69,2.81,17.76,NA,NA,2018
benning,2018-07-27,benning i1,south,68,3,0,50,100,0,50,19.45,14.66,9.42,12.53,NA,NA,2018
benning,2018-07-27,benning i1,east,48,6,0,30,90,10,30,17.45,40,10.62,34.74,NA,NA,2018
benning,2018-07-27,benning i1,west,15,2,0,50,50,50,50,16.93,9.95,6.82,8.44,NA,NA,2018
benning,2018-07-28,benning g1,north,32,3,0,30,95,5,30,7.05,42.65,2.28,38.22,NA,NA,2018
benning,2018-07-28,benning g1,south,16,4,0,40,90,10,40,13.97,38.64,6.31,34.6,NA,NA,2018
benning,2018-07-28,benning g1,east,18,2,0,40,100,0,40,20.11,31.59,9.69,28.667,NA,NA,2018
benning,2018-07-28,benning g1,west,31,1,0,25,40,60,25,12.44,25.36,5.08,23.02,NA,NA,2018
benning,2018-07-28,benning h1,north,23,2,0,70,95,5,65,18.92,19.47,8.2,15.17,NA,NA,2018
benning,2018-07-28,benning h1,south,25,1,0,30,70,30,30,16.31,27.31,7.49,22.12,NA,NA,2018
benning,2018-07-28,benning h1,east,15,2,0,10,90,10,10,8.89,29.24,2.44,24.16,NA,NA,2018
benning,2018-07-28,benning h1,west,12,3,0,50,100,0,50,12.27,65.96,5.32,58.13,NA,NA,2018
shelby,2018-08-11,shelby a1,north,61,2,0,65,30,70,65,57.55,3.95,19.45,2.29,NA,NA,2018
shelby,2018-08-11,shelby a1,south,25,1,0,50,10,90,50,20.94,2.25,9.71,0.93,NA,NA,2018
shelby,2018-08-11,shelby a1,east,54,1,0,25,20,80,25,21.02,15.77,9.75,12.14,NA,NA,2018
shelby,2018-08-11,shelby a1,west,50,1,0,30,15,85,30,12.36,7.33,5.85,5.93,NA,NA,2018
shelby,2018-08-12,shelby a2,north,38,3,0,20,55,45,20,2.72,34.38,1.37,30.62,NA,NA,2018
shelby,2018-08-12,shelby a2,south,21,2,0,15,60,40,15,3.53,34.97,1.81,30.21,NA,NA,2018
shelby,2018-08-12,shelby a2,east,18,2,0,15,75,25,15,3.45,23.33,1.11,19.54,NA,NA,2018
shelby,2018-08-12,shelby a2,west,54,4,0,25,40,60,25,13.82,31.95,4.62,27.15,NA,NA,2018
shelby,2018-08-12,shelby e1,north,15,5,0,40,100,0,40,5.55,57.61,3.45,48.82,NA,NA,2018
shelby,2018-08-12,shelby e1,south,33,3,0,10,90,10,10,1.75,52.95,1.48,45.32,NA,NA,2018
shelby,2018-08-12,shelby e1,east,23,3,0,35,100,0,30,14.22,35.8,9.9,30.49,NA,NA,2018
shelby,2018-08-12,shelby e1,west,14,3,0,45,100,0,35,15.85,56.72,11.74,45.81,NA,NA,2018
shelby,2018-08-11,shelby c1,north,24,3,0,35,95,5,25,10.9,59.43,6.77,48.67,NA,NA,2018
shelby,2018-08-11,shelby c1,south,31,3,0,65,95,5,50,32.63,29.38,20.07,23.45,NA,NA,2018
shelby,2018-08-11,shelby c1,east,35,3,0,60,40,0,55,16.53,64.83,9.98,43.69,NA,NA,2018
shelby,2018-08-11,shelby c1,west,29,2,0,70,90,10,50,25,18.63,14.36,14.91,NA,NA,2018
shelby,2018-08-15,shelby b2,north,115,1,0,90,10,90,90,129.51,4.28,67.84,3.33,NA,NA,2018
shelby,2018-08-15,shelby b2,south,67,1,0,70,10,90,70,52.36,24.85,23.04,20.54,NA,NA,2018
shelby,2018-08-15,shelby b2,east,34,3,0,60,10,90,60,26.45,39.07,13.31,34.83,NA,NA,2018
shelby,2018-08-15,shelby b2,west,54,3,0,70,20,80,70,46.75,28.88,18.9,23.96,NA,NA,2018
shelby,2018-08-15,shelby b3,north,51,1,0,65,10,90,65,18.75,9.71,9.82,7.88,NA,NA,2018
shelby,2018-08-15,shelby b3,south,76,3,0,75,100,0,75,90.04,20.3,38.49,15.52,NA,NA,2018
shelby,2018-08-15,shelby b3,east,76,1,0,70,10,90,70,48.11,7.77,21.57,6.1,NA,NA,2018
shelby,2018-08-15,shelby b3,west,41,1,0,45,20,80,45,16.74,6.06,8.29,4.77,NA,NA,2018
shelby,2018-08-13,shelby h1,north,137,4,0.5,60,100,0,60,77.13,89.06,43.54,72.85,NA,NA,2018
shelby,2018-08-13,shelby h1,south,35,9,0,40,100,0,40,16.31,55.88,7.98,43.7,NA,NA,2018
shelby,2018-08-13,shelby h1,east,100,7,0.5,40,100,0,40,63.34,54.36,35.05,42.69,NA,NA,2018
shelby,2018-08-13,shelby h1,west,60,3,0,80,100,0,40,28.35,41.67,15.7,31.81,NA,NA,2018
shelby,2018-08-13,shelby i1,north,18,3,0,25,100,0,25,3.58,150.34,1.72,124.57,NA,NA,2018
shelby,2018-08-13,shelby i1,south,27,4,0,40,100,0,25,15.22,47.48,10.44,38.56,NA,NA,2018
shelby,2018-08-13,shelby i1,east,53,3,0,90,80,0,90,52.22,64.34,30.31,52.3,NA,NA,2018
shelby,2018-08-13,shelby i1,west,54,3,0,50,100,0,50,38.93,33.29,19.81,27.03,NA,NA,2018
shelby,2018-08-14,shelby j1,north,79,1,0,70,80,20,70,94.26,24.34,37.44,18.43,NA,NA,2018
shelby,2018-08-14,shelby j1,south,144,2,0,80,80,20,80,238.16,43.57,129.24,32.74,NA,NA,2018
shelby,2018-08-14,shelby j1,east,101,5,0,50,100,0,50,83.88,111.02,48,80.87,NA,NA,2018
shelby,2018-08-14,shelby j1,west,73,10,0,60,100,0,60,53.65,61.59,37.66,43.48,NA,NA,2018
shelby,2018-08-14,shelby k1,north,70,1,0,60,10,45,60,60.08,2.87,26.28,1.95,NA,NA,2018
shelby,2018-08-14,shelby k1,south,80,2,0,70,30,60,60,75.1,21.78,51.91,19.97,NA,NA,2018
shelby,2018-08-14,shelby k1,east,88,2,0,60,10,90,60,59.57,12.21,23.73,10.74,NA,NA,2018
shelby,2018-08-14,shelby k1,west,37,1,0,90,5,95,90,67.31,4.21,27.6,3.26,NA,NA,2018
gordon,2018-08-20,gordon a1,north,37,2,0,60,55,20,60,19.45,11.67,15.62,10.1,NA,NA,2018
gordon,2018-08-20,gordon a1,south,61,2,0,45,75,15,35,11.47,23.39,6.66,19.36,NA,NA,2018
gordon,2018-08-20,gordon a1,east,17,2,0,75,40,5,55,41.15,10.95,34.01,9.26,NA,NA,2018
gordon,2018-08-20,gordon a1,west,42,2,0,60,50,5,35,32.99,15.02,28.08,13.33,NA,NA,2018
gordon,2018-08-20,gordon b1,north,34,2,0,50,10,70,40,21.81,19.73,17.18,16.73,NA,NA,2018
gordon,2018-08-20,gordon b1,south,25,2,0,50,30,100,45,11.98,11.01,8.81,8.91,NA,NA,2018
gordon,2018-08-20,gordon b1,east,20,2,0,45,20,75,40,11.75,8.93,6.87,7.29,NA,NA,2018
gordon,2018-08-20,gordon b1,west,35,2,0,45,10,80,40,15.79,6.77,13.08,5.45,NA,NA,2018
gordon,2018-08-20,gordon c1,north,44,2,0,50,95,5,50,21.89,38.52,13.5,31.17,NA,NA,2018
gordon,2018-08-20,gordon c1,south,30,3,0,75,80,0,60,28.57,49.06,20.57,41.32,NA,NA,2018
gordon,2018-08-20,gordon c1,east,8,3,0,10,100,0,10,2.04,55.07,1.45,46.65,NA,NA,2018
gordon,2018-08-20,gordon c1,west,44,4,0,40,100,0,40,11.83,59.23,7.24,50.12,NA,NA,2018
gordon,2018-08-21,gordon d1,north,27,4,0.5,25,100,0,20,10.12,77.87,5.73,41.22,NA,NA,2018
gordon,2018-08-21,gordon d1,south,16,4,0.5,10,100,0,10,2.45,66.96,0.87,36.13,NA,NA,2018
gordon,2018-08-21,gordon d1,east,29,4,0.5,35,100,0,30,9.74,63.92,4.38,31.57,NA,NA,2018
gordon,2018-08-21,gordon d1,west,10,4,0.5,15,100,0,5,6.95,78.1,3.64,42.61,NA,NA,2018
gordon,2018-08-21,gordon e1,north,18,4,0.5,7,100,0,7,1.69,90.13,0.38,50.88,NA,NA,2018
gordon,2018-08-21,gordon e1,south,12,4,0.5,10,100,0,10,5.78,84.2,2.07,47.74,NA,huge down tree in plot,2018
gordon,2018-08-21,gordon e1,east,19,4,0.5,10,100,0,10,3.98,63.63,1.23,36.37,NA,NA,2018
gordon,2018-08-21,gordon e1,west,15,4,0.5,15,100,0,15,2.1,45.02,0.53,25.49,NA,NA,2018
gordon,2018-08-21,gordon f1,north,12,3,0,15,100,0,15,3.1,30.77,1.8,25.52,NA,NA,2018
gordon,2018-08-21,gordon f1,south,27,1,0,35,85,15,35,2.62,20.96,1.43,17.92,NA,NA,2018
gordon,2018-08-21,gordon f1,east,40,1,0,40,95,5,40,8.45,32.67,5.34,25.48,NA,NA,2018
gordon,2018-08-21,gordon f1,west,44,2,0,35,90,0,32,19.68,17.67,10.75,14.49,NA,NA,2018
gordon,2018-08-22,gordon g1,north,10,3,0.5,5,100,0,5,2.85,60.99,0.85,44.13,NA,NA,2018
gordon,2018-08-22,gordon g1,south,31,2,0,85,80,0,85,33.89,52.46,14.92,25.43,NA,NA,2018
gordon,2018-08-22,gordon g1,east,44,2,0,50,100,0,45,25.53,36,12.43,27.42,NA,NA,2018
gordon,2018-08-22,gordon g1,west,28,4,0.5,25,100,0,25,7.21,87.83,2.69,63.46,NA,NA,2018
gordon,2018-08-22,gordon h1,north,20,2,0,35,90,10,35,12.19,24.24,6.39,18.45,NA,NA,2018
gordon,2018-08-22,gordon h1,south,19,2,0,20,80,20,20,7.34,42.77,2.68,32.79,NA,NA,2018
gordon,2018-08-22,gordon h1,east,16,2,0,40,90,10,40,10.14,49.43,4.64,37.62,NA,NA,2018
gordon,2018-08-22,gordon h1,west,34,2,0,65,100,0,65,24.31,17.94,14.52,14.37,NA,NA,2018
seay,2019-04-24,seay i1,north,115,14,0,80,80,0,65,53.19,69.06,27,63.04,NA,NA,2019
seay,2019-04-24,seay i1,south,71,13,0,65,100,0,60,44.89,34.13,17.4,31.54,NA,NA,2019
seay,2019-04-24,seay i1,east,128,9,0,90,40,0,45,49.9,29.46,31.49,26.63,NA,NA,2019
seay,2019-04-24,seay i1,west,120,25,0,50,100,0,40,33.42,53.35,17.88,49.42,NA,NA,2019
seay,2019-04-24,seay n1,north,25,4,0,40,80,0,30,10.79,27.45,4.9,23.16,NA,NA,2019
seay,2019-04-24,seay n1,south,25,3,0,15,90,0,10,15.56,40.4,12.65,38.5,NA,NA,2019
seay,2019-04-24,seay n1,east,38,3,0,20,90,0,50,23.85,15.03,16.31,13.93,NA,NA,2019
seay,2019-04-24,seay n1,west,36,7,0,40,90,0,20,22.17,14.77,18.75,13.97,NA,NA,2019
wes,2019-04-03,wes i1,north,105,5,0,100,5,0,20,82.09,210.85,47.4,77.57,NA,NA,2019
wes,2019-04-03,wes i1,south,117,7,0,85,15,0,0,74.05,63.91,49.05,36.11,NA,NA,2019
wes,2019-04-03,wes i1,east,148,6,0,100,2,0,30,223.7,159.35,140.26,88.18,NA,NA,2019
wes,2019-04-03,wes i1,west,122,7,0,100,2,0,40,70.8,109.01,39.96,47,NA,NA,2019
peaceriver,2019-04-18,peaceriver i1,north,100,10,0,65,60,0,45,16.54,50.4,11.5,46.16,NA,NA,2019
peaceriver,2019-04-18,peaceriver i1,south,100,11,0,40,100,0,35,44.91,54.84,33.23,48.24,NA,NA,2019
peaceriver,2019-04-18,peaceriver i1,east,91,18,0,50,100,0,40,41.16,62.75,28.25,58.23,NA,NA,2019
peaceriver,2019-04-18,peaceriver i1,west,112,15,0,60,100,0,50,43.43,47.25,28,42.92,NA,NA,2019
hancock,2019-04-16,hancock n1,north,20,3,0,90,10,0,80,6.62,1.07,5.77,0.78,NA,NA,2019
hancock,2019-04-16,hancock n1,south,19,1,0,95,5,5,85,8.2,2.82,7.43,2.5,NA,NA,2019
hancock,2019-04-16,hancock n1,east,22,2,0,90,5,5,75,11.08,3.03,10.18,2.66,NA,NA,2019
hancock,2019-04-16,hancock n1,west,10,2,0,75,10,15,55,4.88,3.92,4.2,3.45,NA,NA,2019
munson,2019-04-30,munson i1,north,58,3,0,50,90,10,50,12.8,31.07,7.07,26.55,NA,NA,2019
munson,2019-04-30,munson i1,south,68,2,0,35,30,50,30,26.85,3.2,13.7,2.29,NA,NA,2019
munson,2019-04-30,munson i1,east,60,2,0,40,95,5,35,12.28,22.35,7.58,19.66,NA,NA,2019
munson,2019-04-30,munson i1,west,NA,NA,NA,NA,NA,NA,NA,0,0,0,0,NA,quadrat in water,2019
riversedge,2019-05-01,riversedge i3,north,35,2,0,25,80,20,25,5.66,13.04,1.98,12.07,NA,NA,2019
riversedge,2019-05-01,riversedge i3,south,32,1,0,40,10,60,40,6.63,1.4,2.93,0.94,NA,NA,2019
riversedge,2019-05-01,riversedge i3,east,37,3,0,20,65,25,20,5.38,10.04,2.78,9.24,NA,NA,2019
riversedge,2019-05-01,riversedge i3,west,21,1,0,10,10,90,10,3.86,1.47,2.28,1.08,NA,NA,2019
peaceriver,2019-05-08,peaceriver n1,north,25,3,0,60,50,10,55,9.22,15.53,3.42,11.6,NA,NA,2019
peaceriver,2019-05-08,peaceriver n1,south,22,1,0,70,65,10,60,21.07,22.49,4.53,15.79,NA,NA,2019
peaceriver,2019-05-08,peaceriver n1,east,25,3,0,60,70,10,50,11.37,23.77,2.74,18.27,NA,NA,2019
peaceriver,2019-05-08,peaceriver n1,west,23,3,0,15,100,0,15,4.48,57.15,0.1,42.19,NA,NA,2019
peaceriver,2019-05-08,peaceriver i2,north,84,3,0,60,100,0,60,41.9,47.61,19.29,36.19,NA,NA,2019
peaceriver,2019-05-08,peaceriver i2,south,65,3,0.5,70,80,5,60,75.21,45.11,33.93,31.79,NA,NA,2019
peaceriver,2019-05-08,peaceriver i2,east,102,4,0.5,80,95,0,80,81.9,39.37,24.88,29.16,NA,NA,2019
peaceriver,2019-05-08,peaceriver i2,west,100,4,0.5,65,100,0,50,37.74,85.2,20.66,66.73,NA,NA,2019
hancock,2019-05-08,hancock i3,north,93,4,0,85,65,5,75,83.85,17.67,45.24,10.82,NA,NA,2019
hancock,2019-05-08,hancock i3,south,81,2,0,65,95,0,60,39.63,56.83,6.21,34.9,NA,NA,2019
hancock,2019-05-08,hancock i3,east,81,2,0,50,100,0,50,72.61,63.42,24.06,38.21,NA,NA,2019
hancock,2019-05-08,hancock i3,west,84,2,0,85,65,5,80,66.2,15.65,29.1,10.8,NA,NA,2019
hancock,2019-05-08,hancock n2,north,73,1,0,90,5,0,70,79.62,19.75,32.17,14.8,NA,NA,2019
hancock,2019-05-08,hancock n2,south,32,1,0,50,100,0,50,41.76,21.46,9.39,15.73,NA,NA,2019
hancock,2019-05-08,hancock n2,east,48,2,0,60,95,5,50,78.15,61.4,30.09,43.1,NA,NA,2019
hancock,2019-05-08,hancock n2,west,32,1,0,65,20,10,60,49.11,15.6,25.25,11.95,NA,NA,2019
hancock,2019-05-08,hancock i4,north,100,1,0,75,10,20,65,92.52,3.55,52.89,1.07,NA,NA,2019
hancock,2019-05-08,hancock i4,south,119,3,0,70,40,0,65,121.18,26.38,52.67,17.9,NA,NA,2019
hancock,2019-05-08,hancock i4,east,131,3,0,50,90,0,40,87.02,53.77,37.37,30.41,NA,NA,2019
hancock,2019-05-08,hancock i4,west,66,2,0,75,30,20,65,45.15,36.3,28.36,31.03,NA,NA,2019
wes,2019-05-15,wes n1,north,47,4,0,10,100,0,10,18.22,36.22,3.01,31.23,NA,NA,2019
wes,2019-05-15,wes n1,south,22,2,0,10,80,20,10,25.25,12.34,0.29,9.86,NA,NA,2019
wes,2019-05-15,wes n1,east,36,2,0,40,50,40,40,11.84,8.12,7.36,6.05,NA,NA,2019
wes,2019-05-15,wes n1,west,31,2,0,25,60,40,25,10.68,12.15,4.03,10.05,NA,NA,2019
brown,2019-05-21,brown i2,north,65,5,0,85,15,0,60,34.29,32.39,21.38,28.4,NA,NA,2019
brown,2019-05-21,brown i2,south,74,5,0,75,50,10,50,22.22,28.26,12.35,25.8,NA,NA,2019
brown,2019-05-21,brown i2,east,91,5,0,50,90,5,40,31.87,36.16,14.54,32.51,NA,NA,2019
brown,2019-05-21,brown i2,west,67,3,0,50,90,0,40,36.21,27.57,19.15,24.53,NA,NA,2019
brown,2019-05-21,brown n2,north,31,3,0,45,80,20,45,18.16,42.58,8.8,36.53,NA,NA,2019
brown,2019-05-21,brown n2,south,33,4,0,65,40,0,65,30.31,29.01,14.96,24.442,NA,NA,2019
brown,2019-05-21,brown n2,east,27,3,0,30,80,0,30,11.28,29.98,6.15,26.6,NA,NA,2019
brown,2019-05-21,brown n2,west,21,2,0,35,80,20,35,9.78,20.56,5.2,18.13,NA,NA,2019
silversprings,2019-05-22,silversprings i1,north,116,2,0,60,90,10,55,77.07,52.22,40.75,43.74,NA,NA,2019
silversprings,2019-05-22,silversprings i1,south,63,1,0,50,95,5,50,14.37,28.75,4.38,22.7,NA,NA,2019
silversprings,2019-05-22,silversprings i1,east,114,2,0,65,70,30,60,86.69,33.18,32.86,26.53,NA,NA,2019
silversprings,2019-05-22,silversprings i1,west,148,4,0,90,100,0,80,89.33,20.41,38.04,17.05,NA,NA,2019
silversprings,2019-05-22,silversprings n1,north,52,3,0,80,65,0,75,23.31,17.96,7.89,15.53,NA,NA,2019
silversprings,2019-05-22,silversprings n1,south,50,3,0,55,95,5,50,18.38,15.21,6.26,13.26,NA,NA,2019
silversprings,2019-05-22,silversprings n1,east,38,4,0,60,80,5,60,17.37,12.42,6.16,10.49,NA,NA,2019
silversprings,2019-05-22,silversprings n1,west,26,4,0,50,90,10,50,16.78,27.69,6.05,24.55,NA,NA,2019
munson,2019-06-05,munson n1,north,45,2,0,15,85,15,15,9.51,22.98,6.34,19.89,NA,NA,2019
munson,2019-06-05,munson n1,south,80,4,0,20,100,0,20,6.32,41.31,4.06,35.84,NA,NA,2019
munson,2019-06-05,munson n1,east,0,3,0,0,100,0,0,0,31.31,0,26.99,NA,NA,2019
munson,2019-06-05,munson n1,west,28,2,0,40,100,0,40,22.45,25.55,7.72,63.78,NA,NA,2019
riversedge,2019-06-06,riversedge n1,north,0,7,0,0,100,0,0,0,141.68,0,112.7,NA,NA,2019
riversedge,2019-06-06,riversedge n1,south,0,5,0,0,100,0,0,0,88.04,0,57.4,NA,NA,2019
riversedge,2019-06-06,riversedge n1,east,31,5,0,5,100,0,5,5.3,90.04,0.43,59.96,NA,NA,2019
riversedge,2019-06-06,riversedge n1,west,0,5,0,0,100,0,0,0,91.84,0,20.05,NA,NA,2019
riversedge,2019-06-06,riversedge i2,north,89,14,0,40,100,0,30,15.83,87.15,8.09,68.34,NA,NA,2019
riversedge,2019-06-06,riversedge i2,south,105,10,0,80,100,0,70,100.67,59.92,52.71,44.62,NA,NA,2019
riversedge,2019-06-06,riversedge i2,east,110,9,0,50,100,0,40,60.44,89.05,30.84,64.81,NA,NA,2019
riversedge,2019-06-06,riversedge i2,west,81,12,0,20,100,0,15,15.36,81.38,7.82,58.95,NA,NA,2019
