installation,date,plot_id,transect_id,quadrat_id,woody_veg_ht1,woody_veg_ht2,woody_veg_ht3,herb_veg_ht1,herb_veg_ht2,herb_veg_ht3,litter_ht1,litter_ht2,litter_ht3,pct_green,pct_litter,pct_wood_litter,pct_bare,notes,visit_year
blanding,2017-06-09,blanding c1,east,e10,90,NA,NA,24,17,16,5,14,6,40,60,5,5,NA,2017
blanding,2017-06-09,blanding c1,east,e30,85,NA,NA,27,37,35,12,7,10,40,57,2,1,NA,2017
blanding,2017-06-09,blanding c1,east,e50,62,NA,NA,36,18,18,10,7,9,5,83,1,5,NA,2017
blanding,2017-06-09,blanding c1,west,w10,75,NA,NA,27,33,26,6,5,6,10,85,0.5,5,NA,2017
blanding,2017-06-09,blanding c1,west,w30,69,41,23,47,23,22,12,20,10,40,45,2,15,NA,2017
blanding,2017-06-09,blanding c1,west,w50,46,NA,NA,28,46,29,3,4,5,20,14,0,70,NA,2017
blanding,2017-06-09,blanding c1,north,n10,20,NA,NA,24,19,13,3,2,2,6,80,0.5,15,NA,2017
blanding,2017-06-09,blanding c1,north,n30,0,NA,NA,34,20,17,27,19,30,5,57,0,30,NA,2017
blanding,2017-06-09,blanding c1,north,n50,0,NA,NA,24,30,24,3,5,14,20,67,0,5,NA,2017
blanding,2017-06-09,blanding c1,south,s10,75,NA,NA,37,30,40,9,7,6,30,20,0,40,NA,2017
blanding,2017-06-09,blanding c1,south,s30,0,NA,NA,39,32,29,3,6,3,15,28,0,55,NA,2017
blanding,2017-06-09,blanding c1,south,s50,82,11,NA,30,24,21,3,9,4,10,25,0,45,NA,2017
blanding,2017-06-09,blanding a1,north,n10,10,10,18,20,17,NA,5,8,5,5,25,5,65,NA,2017
blanding,2017-06-09,blanding a1,north,n30,12,12,7,17,21,NA,5,4,4,2,40,0.5,57,NA,2017
blanding,2017-06-09,blanding a1,north,n50,73,44,40,18,NA,NA,11,10,11,10,75,3,5,NA,2017
blanding,2017-06-09,blanding a1,south,s10,0,NA,NA,42,30,38,7,2,5,25,12,0.5,60,NA,2017
blanding,2017-06-09,blanding a1,south,s30,60,NA,NA,10,15,NA,7,8,10,15,73,0.5,10,NA,2017
blanding,2017-06-09,blanding a1,south,s50,0,NA,NA,22,15,15,6,3,3,7,76,4,10,NA,2017
blanding,2017-06-09,blanding a1,east,e10,25,20,17,23,33,6,3,3,5,3,43,5,50,NA,2017
blanding,2017-06-09,blanding a1,east,e30,0,NA,NA,20,20,19,4,3,4,30,59,4,5,NA,2017
blanding,2017-06-09,blanding a1,east,e50,0,NA,NA,24,26,11,2,1,2,1,28,1,70,NA,2017
blanding,2017-06-09,blanding a1,west,w10,23,25,15,10,20,11,3,2,3,15,35,5,40,NA,2017
blanding,2017-06-09,blanding a1,west,w30,43,33,50,18,58,15,30,12,3,5,33,30,30,NA,2017
blanding,2017-06-09,blanding a1,west,w50,11,11,12,30,20,20,2,2,2,2,3,5,90,NA,2017
blanding,2017-06-08,blanding b1,north,n10,0,NA,NA,4,NA,NA,1,4,7,1,85,5,10,NA,2017
blanding,2017-06-08,blanding b1,north,n30,0,NA,NA,29,19,53,1,2,3,5,55,0.5,40,NA,2017
blanding,2017-06-08,blanding b1,north,n50,80,70,NA,26,20,28,1,4,3,5,73,1,40,NA,2017
blanding,2017-06-08,blanding b1,south,s10,0,NA,NA,19,NA,NA,3,2,4,0.5,75,0,20,NA,2017
blanding,2017-06-08,blanding b1,south,s30,90,35,NA,32,32,42,3,6,3,20,15,0.5,60,NA,2017
blanding,2017-06-08,blanding b1,south,s50,69,NA,NA,50,42,29,1,3,2,15,80,0.5,2,NA,2017
blanding,2017-06-08,blanding b1,east,e10,72,NA,NA,21,20,13,5,3,6,6,79,1,15,NA,2017
blanding,2017-06-08,blanding b1,east,e30,50,30,NA,41,30,44,10,10,5,25,10,0.5,46,NA,2017
blanding,2017-06-08,blanding b1,east,e50,64,23,NA,15,NA,NA,2,2,4,20,50,0,30,NA,2017
blanding,2017-06-08,blanding b1,west,w10,0,NA,NA,35,NA,NA,3,5,3,1,78,2,15,NA,2017
blanding,2017-06-08,blanding b1,west,w30,36,NA,NA,50,34,30,2,4,3,10,51,1,35,NA,2017
blanding,2017-06-08,blanding b1,west,w50,0,NA,NA,41,22,18,5,1,3,8,2,0,85,NA,2017
blanding,2017-06-20,blanding d1,north,n10,54,30,36,20,17,11,2,2,3,15,90,5,0,NA,2017
blanding,2017-06-20,blanding d1,north,n30,22,18,NA,13,18,20,1,1,1,5,5,0.5,90,NA,2017
blanding,2017-06-20,blanding d1,north,n50,0,NA,NA,15,40,20,2,2,1,5,90,0.5,5,NA,2017
blanding,2017-06-20,blanding d1,south,s10,48,39,32,0,NA,NA,2,2,2,45,80,10,0,NA,2017
blanding,2017-06-20,blanding d1,south,s30,73,40,30,17,25,14,1,1,4,5,15,0.5,80,NA,2017
blanding,2017-06-20,blanding d1,south,s50,28,30,NA,25,25,25,2,3,2,5,65,0,35,NA,2017
blanding,2017-06-20,blanding d1,east,e10,39,34,41,19,NA,NA,5,3,5,10,90,5,0,NA,2017
blanding,2017-06-20,blanding d1,east,e30,67,71,56,12,12,31,4,4,5,20,95,1,0,NA,2017
blanding,2017-06-20,blanding d1,east,e50,36,10,NA,30,40,34,3,4,2,5,65,0.5,0,NA,2017
blanding,2017-06-20,blanding d1,west,w10,71,47,60,41,27,17,3,2,6,35,90,0.5,1,NA,2017
blanding,2017-06-20,blanding d1,west,w30,0,NA,NA,15,10,30,1,3,2,2,75,10,15,NA,2017
blanding,2017-06-20,blanding d1,west,w50,13,NA,NA,27,28,18,1,3,1,5,75,5,15,NA,2017
blanding,2017-06-14,blanding e1,north,n10,0,NA,NA,17,13,6,5,2,2,2,90,3,2,NA,2017
blanding,2017-06-14,blanding e1,north,n30,10,NA,NA,20,38,7,4,8,3,2,93,5,0,NA,2017
blanding,2017-06-14,blanding e1,north,n50,0,NA,NA,20,27,10,2,2,5,1,94,2,2,NA,2017
blanding,2017-06-14,blanding e1,south,s10,73,80,14,10,10,22,5,5,2,15,75,10,0,NA,2017
blanding,2017-06-14,blanding e1,south,s30,35,22,NA,37,12,12,12,2,3,10,84,5,1,NA,2017
blanding,2017-06-14,blanding e1,south,s50,147,15,NA,31,14,10,4,4,6,35,60,0,5,NA,2017
blanding,2017-06-14,blanding e1,east,e10,0,NA,NA,4,3,2,2,3,3,5,91,1,3,NA,2017
blanding,2017-06-14,blanding e1,east,e30,0,NA,NA,20,7,15,3,3,4,2,93,5,0,NA,2017
blanding,2017-06-14,blanding e1,east,e50,48,12,NA,20,5,5,2,2,3,16,75,3,5,NA,2017
blanding,2017-06-14,blanding e1,west,w10,20,53,NA,13,15,22,1,4,3,4,83,0.5,10,NA,2017
blanding,2017-06-14,blanding e1,west,w30,0,NA,NA,20,49,14,4,3,2,1,89,10,0,NA,2017
blanding,2017-06-14,blanding e1,west,w50,48,NA,NA,5,6,8,17,5,3,5,60,35,0,NA,2017
blanding,2017-06-22,blanding f1,north,n10,16,25,14,21,20,14,1,2,2,5,90,3,0,NA,2017
blanding,2017-06-22,blanding f1,north,n30,33,156,115,27,18,30,1,1,2,5,90,0.5,2,NA,2017
blanding,2017-06-22,blanding f1,north,n50,0,NA,NA,12,4,10,20,13,3,1,42,55,2,NA,2017
blanding,2017-06-22,blanding f1,south,s10,56,10,NA,22,9,4,1,2,2,12,85,0.5,3,NA,2017
blanding,2017-06-22,blanding f1,south,s30,0,NA,NA,10,9,5,3,4,4,1,95,5,0,NA,2017
blanding,2017-06-22,blanding f1,south,s50,100,140,80,19,12,17,2,2,2,5,95,0.5,0,NA,2017
blanding,2017-06-22,blanding f1,east,e10,20,54,NA,9,18,17,2,2,3,5,92,3,0,NA,2017
blanding,2017-06-22,blanding f1,east,e30,30,NA,NA,27,10,11,4,2,3,20,70,0.5,2,NA,2017
blanding,2017-06-22,blanding f1,east,e50,19,NA,NA,6,10,16,1,2,1,5,80,0.5,5,NA,2017
blanding,2017-06-22,blanding f1,west,w10,47,NA,NA,26,12,12,4,4,5,5,85,3,5,NA,2017
blanding,2017-06-22,blanding f1,west,w30,93,60,NA,10,10,8,1,1,2,5,85,3,5,NA,2017
blanding,2017-06-22,blanding f1,west,w50,93,10,NA,7,12,16,1,2,1,15,90,1,5,NA,2017
blanding,2017-06-15,blanding g1,north,n10,37,35,39,42,53,18,8,11,7,35,64,0.5,0,NA,2017
blanding,2017-06-15,blanding g1,north,n30,32,19,30,25,17,22,4,6,6,15,80,1,5,NA,2017
blanding,2017-06-15,blanding g1,north,n50,150,114,127,31,20,34,15,13,13,55,60,5,0,NA,2017
blanding,2017-06-15,blanding g1,south,s10,21,32,30,25,39,23,12,10,6,20,78,2,0,NA,2017
blanding,2017-06-15,blanding g1,south,s30,30,26,22,23,40,31,5,6,5,35,45,0.5,0,NA,2017
blanding,2017-06-15,blanding g1,south,s50,21,30,17,31,23,100,10,12,7,55,45,0,0,NA,2017
blanding,2017-06-15,blanding g1,east,e10,30,21,32,15,25,28,8,7,10,15,75,0.5,0,NA,2017
blanding,2017-06-15,blanding g1,east,e30,154,149,160,30,35,NA,6,8,10,60,75,5,0,NA,2017
blanding,2017-06-15,blanding g1,east,e50,200,155,190,17,14,115,8,5,6,35,80,2,0,NA,2017
blanding,2017-06-15,blanding g1,west,w10,30,35,40,18,16,22,5,8,4,40,57,3,0,NA,2017
blanding,2017-06-15,blanding g1,west,w30,43,35,35,94,68,77,11,10,10,70,30,0,0,NA,2017
blanding,2017-06-15,blanding g1,west,w50,28,20,16,122,131,130,17,22,15,49,41,10,0,NA,2017
blanding,2017-06-16,blanding h1,north,n10,48,53,39,18,25,25,5,4,6,15,77,2,0,NA,2017
blanding,2017-06-16,blanding h1,north,n30,21,21,15,55,51,50,7,12,8,10,90,0.5,0,NA,2017
blanding,2017-06-16,blanding h1,north,n50,28,24,30,16,35,35,17,7,2,30,66,0.5,2,NA,2017
blanding,2017-06-16,blanding h1,south,s10,25,25,18,25,18,28,2,1,2,5,95,2,0,NA,2017
blanding,2017-06-16,blanding h1,south,s30,97,120,12,4,NA,NA,3,2,3,60,35,0.5,0,NA,2017
blanding,2017-06-16,blanding h1,south,s50,23,23,27,38,34,32,2,3,3,15,75,3,0,NA,2017
blanding,2017-06-16,blanding h1,east,e10,58,61,60,44,17,24,7,10,8,15,82,3,0,NA,2017
blanding,2017-06-16,blanding h1,east,e30,16,7,NA,45,40,25,6,4,3,25,70,0.5,5,NA,2017
blanding,2017-06-16,blanding h1,east,e50,23,23,10,46,26,19,7,3,10,30,70,0.5,5,NA,2017
blanding,2017-06-16,blanding h1,west,w10,12,16,26,30,30,23,7,7,4,20,83,0.5,0,NA,2017
blanding,2017-06-16,blanding h1,west,w30,55,56,61,37,17,19,10,9,7,50,85,2,0,NA,2017
blanding,2017-06-16,blanding h1,west,w50,28,14,21,32,14,19,4,4,2,10,70,0.5,5,NA,2017
avonpark,2017-06-27,avonpark a1,north,n10,64,51,20,23,24,20,1,1,2,18,3,0.5,80,NA,2017
avonpark,2017-06-27,avonpark a1,north,n30,87,NA,NA,61,59,90,3,1,3,60,40,3,2,NA,2017
avonpark,2017-06-27,avonpark a1,north,n50,63,64,79,95,75,104,14,2,7,15,5,3,80,NA,2017
avonpark,2017-06-27,avonpark a1,south,s10,0,NA,NA,51,24,30,4,1,2,20,55,1,25,NA,2017
avonpark,2017-06-27,avonpark a1,south,s30,21,NA,NA,68,20,19,3,2,2,25,70,0.5,5,NA,2017
avonpark,2017-06-27,avonpark a1,south,s50,62,55,46,62,76,29,1,2,1,60,7,3,30,NA,2017
avonpark,2017-06-27,avonpark a1,east,e10,65,67,64,57,72,63,1,1,2,40,5,0.5,80,NA,2017
avonpark,2017-06-27,avonpark a1,east,e30,21,20,13,53,59,55,1,1,2,30,10,1,60,NA,2017
avonpark,2017-06-27,avonpark a1,east,e50,82,59,40,48,36,31,2,1,1,50,5,1,45,NA,2017
avonpark,2017-06-27,avonpark a1,west,w10,30,40,41,35,15,22,1,1,1,45,15,0.5,40,NA,2017
avonpark,2017-06-27,avonpark a1,west,w30,38,25,30,56,37,31,2,1,3,22,68,5,5,NA,2017
avonpark,2017-06-27,avonpark a1,west,w50,86,16,12,22,28,21,2,1,2,55,20,1,24,NA,2017
avonpark,2017-06-29,avonpark b1,north,n10,94,105,115,86,86,66,2,4,3,60,20,0,5,NA,2017
avonpark,2017-06-29,avonpark b1,north,n30,91,77,23,20,11,10,1,2,2,60,15,2,15,NA,2017
avonpark,2017-06-29,avonpark b1,north,n50,0,NA,NA,32,32,42,3,1,1,20,50,5,10,NA,2017
avonpark,2017-06-29,avonpark b1,south,s10,66,65,50,30,25,41,1,2,4,60,30,0,0,NA,2017
avonpark,2017-06-29,avonpark b1,south,s30,92,71,113,14,15,32,5,2,2,75,20,0,5,NA,2017
avonpark,2017-06-29,avonpark b1,south,s50,88,107,63,115,100,110,3,2,2,45,50,1,4,NA,2017
avonpark,2017-06-29,avonpark b1,east,e10,93,63,133,30,29,35,2,2,4,75,15,0,15,NA,2017
avonpark,2017-06-29,avonpark b1,east,e30,111,90,71,38,37,55,3,2,1,35,70,2,2,NA,2017
avonpark,2017-06-29,avonpark b1,east,e50,109,107,80,30,46,45,22,23,7,52,30,15,3,NA,2017
avonpark,2017-06-29,avonpark b1,west,w10,110,120,51,35,31,46,2,3,2,35,40,0.5,3,NA,2017
avonpark,2017-06-29,avonpark b1,west,w30,0,NA,NA,50,39,39,1,1,1,15,20,0,50,NA,2017
avonpark,2017-06-29,avonpark b1,west,w50,73,53,NA,59,45,35,1,3,3,60,15,0,15,NA,2017
avonpark,2017-06-28,avonpark c1,north,n10,77,87,40,84,110,105,1,2,3,50,35,0.5,5,NA,2017
avonpark,2017-06-28,avonpark c1,north,n30,45,50,35,44,39,33,2,2,3,40,40,0,20,NA,2017
avonpark,2017-06-28,avonpark c1,north,n50,125,88,98,37,54,45,4,4,3,43,55,0,2,NA,2017
avonpark,2017-06-28,avonpark c1,south,s10,75,30,30,61,69,96,2,3,2,50,44,4,2,NA,2017
avonpark,2017-06-28,avonpark c1,south,s30,94,91,30,36,30,41,6,15,5,65,35,0,0,NA,2017
avonpark,2017-06-28,avonpark c1,south,s50,62,15,NA,45,40,20,2,3,2,30,55,0,15,NA,2017
avonpark,2017-06-28,avonpark c1,east,e10,110,105,65,102,95,110,3,3,4,70,15,0.5,5,NA,2017
avonpark,2017-06-28,avonpark c1,east,e30,126,150,83,17,13,40,5,3,4,60,30,1,0,NA,2017
avonpark,2017-06-28,avonpark c1,east,e50,106,52,65,69,34,30,17,13,10,60,35,0,5,NA,2017
avonpark,2017-06-28,avonpark c1,west,w10,81,91,80,114,105,95,12,4,3,60,30,0.5,0,NA,2017
avonpark,2017-06-28,avonpark c1,west,w30,85,30,64,80,40,24,4,2,4,55,43,0,2,NA,2017
avonpark,2017-06-28,avonpark c1,west,w50,89,78,75,36,26,30,4,2,5,60,25,2,2,NA,2017
avonpark,2017-06-30,avonpark d1,north,n10,16,30,22,27,12,NA,1,2,2,20,50,5,25,NA,2017
avonpark,2017-06-30,avonpark d1,north,n30,93,38,36,0,NA,NA,4,5,4,35,90,0.5,0,NA,2017
avonpark,2017-06-30,avonpark d1,north,n50,90,48,58,0,NA,NA,5,4,3,35,80,5,0,NA,2017
avonpark,2017-06-30,avonpark d1,south,s10,51,48,38,0,NA,NA,3,2,4,75,70,5,0,NA,2017
avonpark,2017-06-30,avonpark d1,south,s30,115,71,22,18,NA,NA,1,1,2,25,90,3,2,NA,2017
avonpark,2017-06-30,avonpark d1,south,s50,130,33,23,43,33,20,7,7,3,60,40,20,5,NA,2017
avonpark,2017-06-30,avonpark d1,east,e10,18,NA,NA,19,10,15,3,3,2,10,95,0.5,0,NA,2017
avonpark,2017-06-30,avonpark d1,east,e30,0,NA,NA,0,NA,NA,2,2,1,0,65,0,35,NA,2017
avonpark,2017-06-30,avonpark d1,east,e50,225,125,82,0,NA,NA,1,2,3,50,80,2,5,NA,2017
avonpark,2017-06-30,avonpark d1,west,w10,52,35,25,6,8,8,2,2,3,50,70,1,0,NA,2017
avonpark,2017-06-30,avonpark d1,west,w30,110,NA,NA,0,NA,NA,1,5,4,40,20,0,40,NA,2017
avonpark,2017-06-30,avonpark d1,west,w50,80,NA,NA,25,NA,NA,1,1,1,75,40,5,25,NA,2017
tyndall,2017-07-20,tyndall h1,north,n10,164,137,122,20,40,37,4,2,3,52,55,0,5,NA,2017
tyndall,2017-07-20,tyndall h1,north,n30,188,166,170,0,NA,NA,6,4,5,85,70,5,5,NA,2017
tyndall,2017-07-20,tyndall h1,north,n50,110,125,125,72,56,18,1,1,1,35,5,0,80,NA,2017
tyndall,2017-07-20,tyndall h1,south,s10,138,94,67,42,48,74,2,3,8,35,50,5,10,NA,2017
tyndall,2017-07-20,tyndall h1,south,s30,172,170,168,0,NA,NA,3,5,1,70,60,5,10,NA,2017
tyndall,2017-07-20,tyndall h1,south,s50,144,160,165,0,NA,NA,7,7,4,60,70,5,25,NA,2017
tyndall,2017-07-20,tyndall h1,east,e10,184,180,182,45,40,10,4,8,5,70,50,5,5,NA,2017
tyndall,2017-07-20,tyndall h1,east,e30,210,235,170,66,35,21,8,6,5,78,50,2,10,NA,2017
tyndall,2017-07-20,tyndall h1,east,e50,110,123,193,0,NA,NA,3,5,3,70,50,5,0,NA,2017
tyndall,2017-07-20,tyndall h1,west,w10,184,184,183,30,26,8,6,4,7,86,60,5,5,NA,2017
tyndall,2017-07-20,tyndall h1,west,w30,145,86,120,43,30,46,7,8,3,34,80,5,10,NA,2017
tyndall,2017-07-20,tyndall h1,west,w50,111,95,100,16,16,10,7,4,3,35,70,5,5,NA,2017
tyndall,2017-07-20,tyndall d1,north,n10,134,150,82,18,19,25,1,2,2,45,50,1,5,NA,2017
tyndall,2017-07-20,tyndall d1,north,n30,0,NA,NA,30,23,20,1,1,5,10,65,5,20,NA,2017
tyndall,2017-07-20,tyndall d1,north,n50,161,166,161,0,NA,NA,3,2,2,90,30,2,0,NA,2017
tyndall,2017-07-20,tyndall d1,south,s10,145,105,66,46,38,35,2,7,4,80,30,5,0,NA,2017
tyndall,2017-07-20,tyndall d1,south,s30,69,55,49,32,30,7,1,3,3,30,75,2,0,NA,2017
tyndall,2017-07-20,tyndall d1,south,s50,70,47,72,25,26,18,4,2,2,40,60,1,2,NA,2017
tyndall,2017-07-20,tyndall d1,east,e10,61,56,46,24,41,21,3,3,1,30,65,2,5,NA,2017
tyndall,2017-07-20,tyndall d1,east,e30,67,50,52,22,17,16,1,2,1,30,45,5,20,NA,2017
tyndall,2017-07-20,tyndall d1,east,e50,80,102,95,17,4,NA,7,5,5,70,40,2,0,NA,2017
tyndall,2017-07-20,tyndall d1,west,w10,72,80,53,0,NA,NA,3,4,3,60,30,15,0,NA,2017
tyndall,2017-07-20,tyndall d1,west,w30,130,100,72,4,2,2,7,3,10,50,50,5,0,NA,2017
tyndall,2017-07-20,tyndall d1,west,w50,90,68,76,30,46,44,10,3,5,70,40,10,0,NA,2017
tyndall,2017-07-20,tyndall b1,north,n10,42,32,27,22,34,22,3,2,1,35,10,3,50,NA,2017
tyndall,2017-07-20,tyndall b1,north,n30,40,32,15,22,21,12,2,2,5,20,70,20,0,NA,2017
tyndall,2017-07-20,tyndall b1,north,n50,58,54,49,10,10,30,4,2,3,35,50,5,10,NA,2017
tyndall,2017-07-20,tyndall b1,south,s10,30,49,22,40,31,27,3,2,2,35,5,1,60,NA,2017
tyndall,2017-07-20,tyndall b1,south,s30,29,34,30,14,17,15,1,2,1,60,2,0,40,NA,2017
tyndall,2017-07-20,tyndall b1,south,s50,49,40,40,0,NA,NA,4,2,1,25,50,10,15,NA,2017
tyndall,2017-07-20,tyndall b1,east,e10,51,27,25,32,53,10,6,3,3,10,80,5,5,NA,2017
tyndall,2017-07-20,tyndall b1,east,e30,44,34,28,68,59,43,1,1,1,35,5,0,60,NA,2017
tyndall,2017-07-20,tyndall b1,east,e50,35,32,20,41,39,36,3,2,3,10,60,20,10,NA,2017
tyndall,2017-07-20,tyndall b1,west,w10,38,26,40,30,33,26,1,2,1,30,15,0.5,55,NA,2017
tyndall,2017-07-20,tyndall b1,west,w30,35,29,24,42,66,42,2,3,2,45,10,5,40,NA,2017
tyndall,2017-07-20,tyndall b1,west,w50,0,NA,NA,68,58,56,2,2,1,70,2,0,30,NA,2017
tyndall,2017-07-20,tyndall b2,north,n10,46,40,40,17,17,23,2,1,1,75,3,0,25,NA,2017
tyndall,2017-07-20,tyndall b2,north,n30,29,29,21,39,43,47,1,1,3,30,10,35,25,NA,2017
tyndall,2017-07-20,tyndall b2,north,n50,20,23,25,15,14,21,7,7,5,10,25,45,20,NA,2017
tyndall,2017-07-20,tyndall b2,south,s10,45,44,41,36,63,35,10,2,2,35,5,15,45,NA,2017
tyndall,2017-07-20,tyndall b2,south,s30,26,30,28,53,42,68,1,1,2,30,3,1,65,NA,2017
tyndall,2017-07-20,tyndall b2,south,s50,41,37,29,28,27,28,8,2,2,30,15,5,50,NA,2017
tyndall,2017-07-20,tyndall b2,east,e10,28,33,40,51,48,35,1,1,2,60,3,2,35,NA,2017
tyndall,2017-07-20,tyndall b2,east,e30,27,17,12,39,38,29,1,2,3,15,30,5,50,NA,2017
tyndall,2017-07-20,tyndall b2,east,e50,0,NA,NA,35,35,32,1,1,2,20,15,2,63,NA,2017
tyndall,2017-07-20,tyndall b2,west,w10,35,45,33,69,47,53,11,1,2,70,4,4,30,NA,2017
tyndall,2017-07-20,tyndall b2,west,w30,28,29,26,29,40,33,3,3,2,55,30,10,5,NA,2017
tyndall,2017-07-20,tyndall b2,west,w50,14,15,15,21,24,20,3,3,2,5,15,10,70,NA,2017
eglin,2017-08-17,eglin d1,north,n10,0,NA,NA,39,41,40,3,4,5,10,80,3,15,NA,2017
eglin,2017-08-17,eglin d1,north,n30,0,NA,NA,37,20,33,2,4,1,5,90,0,10,NA,2017
eglin,2017-08-17,eglin d1,north,n50,48,36,29,23,16,NA,3,5,4,10,95,2,0,NA,2017
eglin,2017-08-17,eglin d1,south,s10,28,NA,NA,33,18,34,3,4,2,10,90,2,10,NA,2017
eglin,2017-08-17,eglin d1,south,s30,25,19,13,30,22,32,3,6,5,20,90,5,0,NA,2017
eglin,2017-08-17,eglin d1,south,s50,47,10,NA,34,25,4,9,4,2,5,90,10,0,NA,2017
eglin,2017-08-17,eglin d1,east,e10,53,21,NA,12,11,23,4,4,4,15,85,10,0,NA,2017
eglin,2017-08-17,eglin d1,east,e30,130,56,38,51,4,5,5,4,2,40,80,3,15,NA,2017
eglin,2017-08-17,eglin d1,east,e50,47,NA,NA,22,19,29,6,6,3,25,95,1,1,NA,2017
eglin,2017-08-17,eglin d1,west,w10,30,18,NA,35,21,24,3,2,3,35,90,1,5,NA,2017
eglin,2017-08-17,eglin d1,west,w30,0,NA,NA,34,31,17,2,8,3,5,95,7,0,NA,2017
eglin,2017-08-17,eglin d1,west,w50,59,62,NA,28,18,4,5,3,4,10,95,5,1,NA,2017
eglin,2017-08-16,eglin h1,north,n10,100,92,89,66,20,22,6,7,3,30,95,2,0,NA,2017
eglin,2017-08-16,eglin h1,north,n30,56,26,46,14,3,NA,4,3,5,5,90,3,5,NA,2017
eglin,2017-08-16,eglin h1,north,n50,88,110,64,21,8,19,10,8,10,40,90,0,0,NA,2017
eglin,2017-08-16,eglin h1,south,s10,29,24,30,21,NA,NA,2,3,7,15,95,2,0,NA,2017
eglin,2017-08-16,eglin h1,south,s30,49,35,40,28,NA,NA,3,2,5,10,95,3,2,NA,2017
eglin,2017-08-16,eglin h1,south,s50,31,14,35,32,18,6,6,4,6,5,100,0,0,NA,2017
eglin,2017-08-16,eglin h1,east,e10,30,32,39.5,0,NA,NA,3,5,3,15,90,5,27,NA,2017
eglin,2017-08-16,eglin h1,east,e30,72,56,80,19.5,5.5,8,4,2,8,45,80,15,0,NA,2017
eglin,2017-08-16,eglin h1,east,e50,23,63,14,9,4,7,3,5,4,25,95,1,0,NA,2017
eglin,2017-08-16,eglin h1,west,w10,54,55,59,24,13,18,6,4,3,10,95,0,0,NA,2017
eglin,2017-08-16,eglin h1,west,w30,60,53,63,27,23,NA,9,11,12,40,70,2,5,NA,2017
eglin,2017-08-16,eglin h1,west,w50,26,NA,NA,21,20,15,5,2,4,8,90,5,5,NA,2017
eglin,2017-08-19,eglin b1,north,n10,75,13,17,72,29,22,1,2,1,35,70,2,25,NA,2017
eglin,2017-08-19,eglin b1,north,n30,40,44,25,27,37,33,1,1,2,45,50,0,5,NA,2017
eglin,2017-08-19,eglin b1,north,n50,0,0,0,29,23,34,1,1,2,20,90,0,10,NA,2017
eglin,2017-08-19,eglin b1,south,s10,31,18,NA,58,50,25,1,3,1,15,65,0,30,NA,2017
eglin,2017-08-19,eglin b1,south,s30,67,31,56,8,8,13,1,2,2,35,75,1,5,NA,2017
eglin,2017-08-19,eglin b1,south,s50,49,36,16,14,10,7,1,1,2,10,40,1,50,NA,2017
eglin,2017-08-19,eglin b1,east,e10,89,184,69,6,39,35,2,3,1.5,75,75,5,25,NA,2017
eglin,2017-08-19,eglin b1,east,e30,80,63,67,75,22,23,1,2,2,30,85,5,10,NA,2017
eglin,2017-08-19,eglin b1,east,e50,41,NA,NA,72,60,46,3,3,3,20,90,5,5,NA,2017
eglin,2017-08-19,eglin b1,west,w10,0,0,0,30,25,26,3,3,2,45,50,1,20,NA,2017
eglin,2017-08-19,eglin b1,west,w30,0,0,0,34,34,34,3,1,1,50,25,0,25,NA,2017
eglin,2017-08-19,eglin b1,west,w50,0,0,0,22,NA,NA,1,1,2,1,40,0,60,NA,2017
eglin,2017-08-19,eglin p1,north,n10,31,53,53,9,12,10,2,3,3,40,60,5,15,NA,2017
eglin,2017-08-19,eglin p1,north,n30,60,74,30,21,32,49,1,1,9,35,15,5,70,NA,2017
eglin,2017-08-19,eglin p1,north,n50,76,34,26,8,9,6,4,4,1,40,80,15,1,NA,2017
eglin,2017-08-19,eglin p1,south,s10,55,37,23,24,24,10,8,3,5,40,80,15,1,NA,2017
eglin,2017-08-19,eglin p1,south,s30,47,18,38,7,28,16,4,3,3,40,85,1,5,NA,2017
eglin,2017-08-19,eglin p1,south,s50,42,11,9,14,19,23,1,3,2,65,25,1,50,NA,2017
eglin,2017-08-19,eglin p1,east,e10,74,40,33,13,18,16,3,5,2,25,15,15,50,NA,2017
eglin,2017-08-19,eglin p1,east,e30,95,62,44,54,37,12,4,2,2,60,20,25,10,NA,2017
eglin,2017-08-19,eglin p1,east,e50,31,12,8,27,33,52,2,5,3,10,60,15,25,NA,2017
eglin,2017-08-19,eglin p1,west,w10,80,78,82,6,5,9,4,8,3,40,75,3,10,NA,2017
eglin,2017-08-19,eglin p1,west,w30,31,47,36,3,NA,NA,4,3,3,30,85,5,10,NA,2017
eglin,2017-08-19,eglin p1,west,w50,61,54,44,14,9,9,10,3,12,35,90,1,5,NA,2017
moody,2017-08-30,moody a1,north,n10,19,56,49,51,15,11,1,1,1,45,70,5,25,NA,2017
moody,2017-08-30,moody a1,north,n30,68,55,52,87,40,97,3,3,3,65,45,0,30,NA,2017
moody,2017-08-30,moody a1,north,n50,60,46,44,89,76,46,2,4,3,45,15,5,70,NA,2017
moody,2017-08-30,moody a1,south,s10,31,33,22,84,16,19,14,9,4,65,35,15,15,NA,2017
moody,2017-08-30,moody a1,south,s30,17,21,9,21,15,NA,43,12,31,15,60,40,0,NA,2017
moody,2017-08-30,moody a1,south,s50,41,24,23,18,39,16,2,3,3,60,15,5,30,NA,2017
moody,2017-08-30,moody a1,east,e10,33,61,44,30,35,36,2,3,3,75,30,1,50,NA,2017
moody,2017-08-30,moody a1,east,e30,55,54,31,13,16,25,2,4,3,63,20,2,50,NA,2017
moody,2017-08-30,moody a1,east,e50,112,79,66,76,36,18,4,3,5,60,35,5,40,NA,2017
moody,2017-08-30,moody a1,west,w10,20,16,18,27,15,17,27,15,2,50,15,15,35,NA,2017
moody,2017-08-30,moody a1,west,w30,43,57,42,135,76,24,3,2,2,80,35,1,15,NA,2017
moody,2017-08-30,moody a1,west,w50,78,38,24,17,34,13,1,3,3,55,35,5,20,NA,2017
moody,2017-08-29,moody b1,north,n10,0,NA,NA,34,30,11,5,3,3,5,90,10,0,NA,2017
moody,2017-08-29,moody b1,north,n30,0,NA,NA,52,42,39,1,2,2,15,65,0,20,NA,2017
moody,2017-08-29,moody b1,north,n50,0,NA,NA,13,13,18,15,14,20,10,55,35,5,NA,2017
moody,2017-08-29,moody b1,south,s10,0,NA,NA,46,25,31,10,4,7,35,65,10,10,NA,2017
moody,2017-08-29,moody b1,south,s30,67,92,67,22,32,29,2,4,6,23,75,5,10,NA,2017
moody,2017-08-29,moody b1,south,s50,0,NA,NA,24,21,20,3,3,3,2,95,3,0,NA,2017
moody,2017-08-29,moody b1,east,e10,40,27,17,34,26,25,23,5,18,15,90,10,0,NA,2017
moody,2017-08-29,moody b1,east,e30,82,46,29,27,17,15,4,4,7,15,80,3,10,NA,2017
moody,2017-08-29,moody b1,east,e50,44,34,27,8,NA,NA,3,3,4,5,85,2,10,NA,2017
moody,2017-08-29,moody b1,west,w10,0,NA,NA,61,52,39,6,4,16,65,55,0,15,NA,2017
moody,2017-08-29,moody b1,west,w30,13,NA,NA,23,26,21,7,6,6,15,85,3,5,NA,2017
moody,2017-08-29,moody b1,west,w50,0,NA,NA,13,8,6,3,2,4,1,87,3,10,NA,2017
moody,2017-08-30,moody k1,north,n10,11,122,NA,32,42,28,8,5,4,10,80,10,10,NA,2017
moody,2017-08-30,moody k1,north,n30,0,NA,NA,15,NA,NA,32,15,6,0.5,85,30,0,NA,2017
moody,2017-08-30,moody k1,north,n50,22,19,15,21,10,10,4,4,3,1,85,5,10,NA,2017
moody,2017-08-30,moody k1,south,s10,36,12,NA,26,32,39,6,8,6,5,80,15,5,NA,2017
moody,2017-08-30,moody k1,south,s30,24,16,15,0,NA,NA,6,5,7,5,80,15,5,NA,2017
moody,2017-08-30,moody k1,south,s50,31,22,9,0,NA,NA,88,44,5,1,95,50,1,NA,2017
moody,2017-08-30,moody k1,east,e10,105,116,69,0,NA,NA,2,3,4,25,85,15,0,NA,2017
moody,2017-08-30,moody k1,east,e30,13,10,NA,38,28,31,3,5,4,3,80,15,5,NA,2017
moody,2017-08-30,moody k1,east,e50,10,NA,NA,0,NA,NA,6,5,6,0.5,90,10,0,NA,2017
moody,2017-08-30,moody k1,west,w10,14,NA,NA,0,NA,NA,5,2,2,1,90,5,10,NA,2017
moody,2017-08-30,moody k1,west,w30,23,12,16,20,21,25,10,5,5,5,95,15,0,NA,2017
moody,2017-08-30,moody k1,west,w50,24,15,15,21,21,10,5,6,4,5,90,10,5,NA,2017
shelby,2017-09-25,shelby g1,north,n10,265,54,63,37,NA,NA,15,20,15,25,85,0,5,NA,2017
shelby,2017-09-25,shelby g1,north,n30,75,55,56,10,2,12,12,4,5,25,70,5,5,NA,2017
shelby,2017-09-25,shelby g1,north,n50,100,50,67,24,11,14,12,4,2,5,70,25,5,NA,2017
shelby,2017-09-25,shelby g1,south,s10,102,82,143,4,24,14,10,4,5,10,85,5,5,NA,2017
shelby,2017-09-25,shelby g1,south,s30,115,153,190,10,11,25,4,18,12,25,95,2,0,NA,2017
shelby,2017-09-25,shelby g1,south,s50,215,149,100,30,31,39,6,3,15,45,90,2,2,NA,2017
shelby,2017-09-25,shelby g1,east,e10,108,320,133,12,18,40,7,12,10,30,85,5,0,NA,2017
shelby,2017-09-25,shelby g1,east,e30,292,102,200,26,28,34,11,8,9,55,80,5,0,NA,2017
shelby,2017-09-25,shelby g1,east,e50,196,97,30,79,19,26,10,7,10,55,60,0,0,NA,2017
shelby,2017-09-25,shelby g1,west,w10,107,110,156,39,14,33,10,8,7,25,90,2,0,NA,2017
shelby,2017-09-25,shelby g1,west,w30,52,48,25,39,28,43,15,9,15,50,80,0,0,NA,2017
shelby,2017-09-25,shelby g1,west,w50,178,265,151,9,49,57,8,8,6,50,85,0,0,NA,2017
shelby,2017-09-24,shelby b3,north,n10,0,NA,NA,77,87,97,2,2,4,55,5,0,25,NA,2017
shelby,2017-09-24,shelby b3,north,n30,40,22,25,19,26,36,5,2,2,50,40,10,0,NA,2017
shelby,2017-09-24,shelby b3,north,n50,133,147,133,30,12,19,1,3,1,80,20,3,15,NA,2017
shelby,2017-09-24,shelby b3,south,s10,24,56,27,68,43,60,4,4,2,80,35,0,65,NA,2017
shelby,2017-09-24,shelby b3,south,s30,40,68,74,18,15,14,13,16,3,10,60,35,10,NA,2017
shelby,2017-09-24,shelby b3,south,s50,102,92,65,33,31,28,6,3,3,50,35,5,15,NA,2017
shelby,2017-09-24,shelby b3,east,e10,38,34,58,57,70,71,3,3,4,30,70,1,5,NA,2017
shelby,2017-09-24,shelby b3,east,e30,194,181,95,37,29,27,2,1,1,65,55,1,20,NA,2017
shelby,2017-09-24,shelby b3,east,e50,268,197,154,3,1,5,4,3,3,50,70,10,5,NA,2017
shelby,2017-09-24,shelby b3,west,w10,252,94,180,62,52,51,1,1,1,60,45,0,30,NA,2017
shelby,2017-09-24,shelby b3,west,w30,183,100,76,28,22,35,2,3,2,75,45,0,10,NA,2017
shelby,2017-09-24,shelby b3,west,w50,117,31,105,35,39,37,2,1,2,60,15,1,10,NA,2017
shelby,2017-09-21,shelby f1,north,n10,73,32,32,63,32,20,5,6,6,15,70,3,5,NA,2017
shelby,2017-09-21,shelby f1,north,n30,62,40,11,23,21,25,2,3,3,30,55,3,15,NA,2017
shelby,2017-09-21,shelby f1,north,n50,38,48,32,64,44,39,5,5,6,40,30,0,2,NA,2017
shelby,2017-09-21,shelby f1,south,s10,252,253,260,12,7,25,4,10,9,60,60,5,5,NA,2017
shelby,2017-09-21,shelby f1,south,s30,197,123,103,27,23,36,9,4,7,50,70,10,5,NA,2017
shelby,2017-09-21,shelby f1,south,s50,293,178,84,0,NA,NA,8,4,8,65,45,5,0,NA,2017
shelby,2017-09-21,shelby f1,east,e10,200,67,74,66,71,48,6,6,5,20,70,15,0,NA,2017
shelby,2017-09-21,shelby f1,east,e30,182,138,129,36,30,34,2,5,4,45,65,3,1,NA,2017
shelby,2017-09-21,shelby f1,east,e50,225,152,142,19,25,31,4,6,6,40,85,12,0,NA,2017
shelby,2017-09-21,shelby f1,west,w10,17,18,NA,55,42,75,1,2,3,40,50,1,2,NA,2017
shelby,2017-09-21,shelby f1,west,w30,62,74,119,50,25,33,2,2,1,50,65,5,0,NA,2017
shelby,2017-09-21,shelby f1,west,w50,21,29,26,16,14,6,2,5,6,5,75,20,5,NA,2017
shelby,2017-09-22,shelby b1,north,n10,234,189,115,85,105,139,2,5,13,80,50,5,15,NA,2017
shelby,2017-09-22,shelby b1,north,n30,147,111,48,11,15,20,4,2,4,40,80,5,5,NA,2017
shelby,2017-09-22,shelby b1,north,n50,284,133,81,25,49,10,14,22,23,75,75,10,0,NA,2017
shelby,2017-09-22,shelby b1,south,s10,200,161,205,124,118,115,25,31,26,85,5,0,0,NA,2017
shelby,2017-09-22,shelby b1,south,s30,60,55,22,57,45,46,6,3,2,50,50,2,5,NA,2017
shelby,2017-09-22,shelby b1,south,s50,36,NA,NA,61,54,45,3,4,6,40,30,1,5,NA,2017
shelby,2017-09-22,shelby b1,east,e10,137,129,114,127,86,98,7,6,4,60,40,5,5,NA,2017
shelby,2017-09-22,shelby b1,east,e30,123,153,104,143,51,42,20,7,16,60,80,1,5,NA,2017
shelby,2017-09-22,shelby b1,east,e50,101,83,75,62,40,27,9,10,6,50,50,0,10,NA,2017
shelby,2017-09-22,shelby b1,west,w10,183,237,183,20,13,23,7,7,6,80,70,5,0,NA,2017
shelby,2017-09-22,shelby b1,west,w30,154,122,107,83,42,62,6,5,4,45,50,2,2,NA,2017
shelby,2017-09-22,shelby b1,west,w50,59,52,53,73,76,86,0,NA,NA,90,1,0,5,NA,2017
shelby,2017-09-24,shelby b2,north,n10,90,90,88,31,10,11,4,8,6,45,65,3,5,NA,2017
shelby,2017-09-24,shelby b2,north,n30,220,90,110,66,46,37,5,6,4,60,50,2,5,NA,2017
shelby,2017-09-24,shelby b2,north,n50,102,44,35,70,28,24,4,3,2,25,80,2,0,NA,2017
shelby,2017-09-24,shelby b2,south,s10,123,92,98,30,14,30,2,4,4,55,50,0,5,NA,2017
shelby,2017-09-24,shelby b2,south,s30,245,30,36,81,30,50,6,17,6,50,55,2,0,NA,2017
shelby,2017-09-24,shelby b2,south,s50,30,14,NA,31,27,30,4,2,6,20,65,5,10,NA,2017
shelby,2017-09-24,shelby b2,east,e10,61,60,47,26,18,26,3,3,3,35,75,5,5,NA,2017
shelby,2017-09-24,shelby b2,east,e30,140,114,92,0,NA,NA,2,3,5,55,90,0,0,NA,2017
shelby,2017-09-24,shelby b2,east,e50,72,71,47,105,76,84,2,2,1,70,20,0,10,NA,2017
shelby,2017-09-24,shelby b2,west,w10,166,133,164,40,NA,NA,5,4,3,65,75,0,0,NA,2017
shelby,2017-09-24,shelby b2,west,w30,178,197,239,37,30,26,5,3,4,65,60,5,5,NA,2017
shelby,2017-09-24,shelby b2,west,w50,82,40,27,130,136,99,1,1,3,55,55,5,0,NA,2017
shelby,2017-09-23,shelby d1,north,n10,149,84,56,69,67,59,10,8,5,40,70,1,0,NA,2017
shelby,2017-09-23,shelby d1,north,n30,159,152,163,51,40,60,6,4,4,75,15,0,0,NA,2017
shelby,2017-09-23,shelby d1,north,n50,39,19,19,31,33,30,5,4,6,30,75,1,0,NA,2017
shelby,2017-09-23,shelby d1,south,s10,7,NA,NA,29,30,20,7,6,6,15,90,1,0,NA,2017
shelby,2017-09-23,shelby d1,south,s30,229,123,116,12,21,52,7,9,10,60,70,5,0,NA,2017
shelby,2017-09-23,shelby d1,south,s50,121,146,137,63,48,50,11,6,10,45,80,0,0,NA,2017
shelby,2017-09-23,shelby d1,east,e10,15,22,NA,26,87,23,10,3,7,20,85,3,2,NA,2017
shelby,2017-09-23,shelby d1,east,e30,13,13,NA,65,64,51,11,8,6,10,95,0,0,NA,2017
shelby,2017-09-23,shelby d1,east,e50,20,14,NA,57,57,40,8,4,6,40,70,2,3,NA,2017
shelby,2017-09-23,shelby d1,west,w10,60,NA,NA,76,62,50,2,3,5,15,80,2,0,NA,2017
shelby,2017-09-23,shelby d1,west,w30,154,150,140,13,18,20,17,18,7,50,95,0,0,NA,2017
shelby,2017-09-23,shelby d1,west,w50,13,5,NA,30,33,36,3,3,4,20,90,0,5,NA,2017
blanding,2018-05-19,blanding g1,north,n10,32,28,24,25,30,31,3,2,2,68,93,10,7,NA,2018
blanding,2018-05-19,blanding g1,south,s10,33,29,22,25,25,12,3,1,1,50,78,5,15,NA,2018
blanding,2018-05-19,blanding g1,east,e10,20,15,16,29,30,38,1,1,2,30,80,2,15,NA,2018
blanding,2018-05-19,blanding g1,west,w10,33,32,26,47,53,36,2,2,1,73,90,3,10,NA,2018
blanding,2018-05-22,blanding m1,north,n10,51,NA,NA,28,25,10,1,2,2,10,75,3,15,NA,2018
blanding,2018-05-22,blanding m1,south,s10,34,28,39,29,3,3,3,4,3,4,98,3,1,NA,2018
blanding,2018-05-22,blanding m1,east,e10,13,NA,NA,14,8,19,2,1,4,3,99,3,0,NA,2018
blanding,2018-05-22,blanding m1,west,w10,118,66,49,13,18,6,2,2,4,28,98,5,0,NA,2018
blanding,2018-05-22,blanding k1,north,n10,13,12,12,0,NA,NA,8,4,3,1,100,5,0,NA,2018
blanding,2018-05-22,blanding k1,south,s10,0,NA,NA,15,NA,NA,2,3,2,1,100,3,1,NA,2018
blanding,2018-05-22,blanding k1,east,e10,11,14,NA,12,22,NA,4,3,3,1,100,3,0,NA,2018
blanding,2018-05-22,blanding k1,west,w10,29,18,15,22,11,9,3,2,3,2,100,1,0,NA,2018
blanding,2018-05-24,blanding n1,north,n10,90,68,13,23,39,34,1,1,2,27,50,1,30,NA,2018
blanding,2018-05-24,blanding n1,south,s10,67,21,15,33,49,12,2,4,2,48,90,3,5,NA,2018
blanding,2018-05-24,blanding n1,east,e10,31,23,22,21,20,27,2,2,4,25,88,5,2,NA,2018
blanding,2018-05-24,blanding n1,west,w10,13,NA,NA,31,16,18,2,1,2,5.5,85,1,15,NA,2018
blanding,2018-05-25,blanding j1,north,n10,25,NA,NA,30,8,5,3,2,2,6,100,10,0,NA,2018
blanding,2018-05-25,blanding j1,south,s10,43,41,88,8,NA,NA,3,4,2,12,95,25,0,NA,2018
blanding,2018-05-25,blanding j1,east,e10,112,73,114,14,NA,NA,4,3,5,45,100,5,0,NA,2018
blanding,2018-05-25,blanding j1,west,w10,32,27,31,20,NA,NA,3,4,5,2,100,40,0,NA,2018
blanding,2018-05-25,blanding i1,west,w10,107,NA,NA,63,30,26,2,3,2,60,100,3,0,NA,2018
blanding,2018-05-25,blanding i1,south,s10,28,NA,NA,19,11,13,2,1,4,4,95,2,5,NA,2018
blanding,2018-05-25,blanding i1,east,e10,9,12,11,21,13,20,3,3,2,5,100,10,0,NA,2018
blanding,2018-05-25,blanding i1,north,n10,10,15,17,15,14,11,2,4,3,5,100,10,0,NA,2018
blanding,2018-05-17,blanding h1,north,n10,40,58,54,31,30,28,2,2,1,30,80,3,20,NA,2018
blanding,2018-05-17,blanding h1,south,s10,20,17,10,21,17,17,3,2,2,6,75,10,25,NA,2018
blanding,2018-05-17,blanding h1,east,e10,72,84,77,65,36,48,2,2,1,30,65,2,35,NA,2018
blanding,2018-05-17,blanding h1,west,w10,15,14,15,26,36,25,1,1,1,17,90,2,10,NA,2018
blanding,2018-05-16,blanding c1,north,n10,11,NA,NA,39,35,35,2,2,1,5,40,3,60,NA,2018
blanding,2018-05-16,blanding c1,south,s10,148,138,60,96,77,84,3,4,0.5,40,40,1,60,NA,2018
blanding,2018-05-16,blanding c1,west,w10,58,NA,NA,58,51,42,2,1,2,18,35,3,60,NA,2018
blanding,2018-05-16,blanding c1,east,e10,52,40,23,57,89,78,2,1,6,35,30,5,70,NA,2018
blanding,2018-05-16,blanding theater_cogon,north,n10,139,32,NA,110,83,27,9,12,13,10,100,5,0,NA,2018
blanding,2018-05-16,blanding theater_cogon,south,s10,69,48,43,10,6,NA,3,4,3,26,95,3,5,NA,2018
blanding,2018-05-16,blanding theater_cogon,east,e10,0,NA,NA,82,74,70,11,16,10,20,100,3,0,NA,2018
blanding,2018-05-16,blanding theater_cogon,west,w10,42,61,12,0,NA,NA,2,1,2,15,97,20,3,NA,2018
eglin,2018-06-13,eglin j1,north,n10,5,NA,NA,4,NA,NA,4,5,6,1.5,100,7,0,NA,2018
eglin,2018-06-13,eglin j1,south,s10,10,9,7,13,22,33,3,2,3,4,95,3,5,NA,2018
eglin,2018-06-13,eglin j1,east,e10,96,22,15,85,22,23,2,3,3,20,100,10,0,NA,2018
eglin,2018-06-13,eglin j1,west,w10,15,NA,NA,3,29,5,3,3,5,3,100,10,0,NA,2018
eglin,2018-06-13,eglin c1,north,n10,48,34,60,0,NA,NA,4,1,3,65,90,15,10,NA,2018
eglin,2018-06-13,eglin c1,south,s10,51,34,39,21,41,11,2,1,10,40,80,2,10,NA,2018
eglin,2018-06-13,eglin c1,east,e10,47,34,24,10,7,3,4,2,2,50,20,10,75,NA,2018
eglin,2018-06-13,eglin c1,west,w10,39,38,109,23,NA,NA,3,4,3,40,100,3,0,NA,2018
eglin,2018-06-11,eglin a1,north,n10,83,29,41,22,13,10,3,0,7,55,20,15,40,NA,2018
eglin,2018-06-11,eglin a1,south,s10,13,9,13,34,30,26,0.5,4,1,10,80,5,10,NA,2018
eglin,2018-06-11,eglin a1,east,e10,0,NA,NA,22,62,53,2,2,3,30,50,1,40,NA,2018
eglin,2018-06-11,eglin a1,west,w10,69,27,25,19,12,26,2,0,3,20,75,5,20,NA,2018
eglin,2018-06-11,eglin g1,north,n10,0,NA,NA,58,25,30,3,9,2,5,95,15,5,NA,2018
eglin,2018-06-11,eglin g1,south,s10,23,97,13,35,53,17,3,5,3,40,90,1,0,NA,2018
eglin,2018-06-11,eglin g1,east,e10,55,36,82,18,NA,NA,6,7,3,14,90,5,5,NA,2018
eglin,2018-06-11,eglin g1,west,w10,74,34,65,22,13,20,2,3,3,31,95,3,0,NA,2018
eglin,2018-06-12,eglin i1,north,n10,45,NA,NA,0,NA,NA,8,6,4,3,100,10,0,NA,2018
eglin,2018-06-12,eglin i1,south,s10,84,61,36,4,5,17,5,6,6,15,95,5,0,NA,2018
eglin,2018-06-12,eglin i1,east,e10,83,98,77,59,7,15,5,3,2,23,100,10,0,NA,2018
eglin,2018-06-12,eglin i1,west,w10,17,118,40,11,10,NA,5,8,5,25,100,1,0,NA,2018
eglin,2018-06-12,eglin e1,north,n10,0,NA,NA,45,30,23,3,1,1,10,20,3,75,NA,2018
eglin,2018-06-12,eglin e1,south,s10,59,NA,NA,41,36,34,8,2,2,38,30,25,55,NA,2018
eglin,2018-06-12,eglin e1,east,e10,0,NA,NA,22,21,23,2,1,3,20,85,10,15,NA,2018
eglin,2018-06-12,eglin e1,west,w10,0,NA,NA,41,28,31,2,1,1,17,10,8,80,NA,2018
eglin,2018-06-15,eglin f1,north,n10,141,221,75,16,18,20,3,2,25,65,80,2,15,NA,2018
eglin,2018-06-15,eglin f1,south,s10,109,144,48,50,39,43,2,3,2,35,90,0,5,NA,2018
eglin,2018-06-15,eglin f1,east,e10,76,89,57,48,42,30,4,2,3,60,70,1,0,NA,2018
eglin,2018-06-15,eglin f1,west,w10,97,62,39,25,11,49,4,1,1,20,95,1,5,NA,2018
eglin,2018-06-15,eglin b2,north,n10,7,NA,NA,31,101,32,1,2,1,20,90,1,5,NA,2018
eglin,2018-06-15,eglin b2,south,s10,48,22,NA,41,51,23,1,3,2,35,80,3,5,NA,2018
eglin,2018-06-15,eglin b2,east,e10,21,14,21,52,50,46,2,3,5,45,50,5,2,NA,2018
eglin,2018-06-15,eglin b2,west,w10,0,NA,NA,33,29,26,1,3,3,20,80,1,15,NA,2018
avonpark,2018-06-01,avonpark i1,north,n10,99,77,49,71,45,43,5,15,4,60,60,0,0,NA,2018
avonpark,2018-06-01,avonpark i1,south,s10,87,43,16,98,44,32,3,2,2,30,75,3,15,NA,2018
avonpark,2018-06-01,avonpark i1,east,e10,87,52,86,37,46,96,2,5,0.5,30,25,1,60,NA,2018
avonpark,2018-06-01,avonpark i1,west,w10,121,NA,NA,82,37,46,1,1.5,0.5,25,20,5,80,NA,2018
avonpark,2018-05-31,avonpark a2,north,n10,70,NA,NA,33,15,19,2,3,1,35,45,3,40,NA,2018
avonpark,2018-05-31,avonpark a2,south,s10,43,27,25,119,10,8,21,5,3,25,40,10,55,NA,2018
avonpark,2018-05-31,avonpark a2,east,e10,62,79,53,13,23,10,3,6,2,45,35,10,50,NA,2018
avonpark,2018-05-31,avonpark a2,west,w10,62,NA,NA,46,23,21,1,2,2,18,50,3,30,NA,2018
avonpark,2018-05-31,avonpark g1,north,n10,66,40,166,62,53,60,8,10,10,75,10,5,0,NA,2018
avonpark,2018-05-31,avonpark g1,south,s10,0,NA,NA,47,44,45,15,13,11,60,15,5,0,NA,2018
avonpark,2018-05-31,avonpark g1,east,e10,51,31,NA,52,59,42,9,6,13,25,70,5,0,NA,2018
avonpark,2018-05-31,avonpark g1,west,w10,181,153,168,30,70,34,9,20,10,80,40,2,0,NA,2018
avonpark,2018-06-01,avonpark h1,north,n10,66,43,59,34,33,6,1,1,0.5,40,30,5,60,NA,2018
avonpark,2018-06-01,avonpark h1,south,s10,58,26,18,32,36,31,1,0,1,55,15,5,80,NA,2018
avonpark,2018-06-01,avonpark h1,east,e10,67,27,23,31,19,25,0.5,2,0.5,35,30,0.5,60,NA,2018
avonpark,2018-06-01,avonpark h1,west,w10,101,106,77,19,6,4,0.5,0.5,1,75,20,5,40,NA,2018
avonpark,2018-05-31,avonpark f1,north,n10,17,NA,NA,37,40,40,2,4,1,20,15,10,70,NA,2018
avonpark,2018-05-31,avonpark f1,south,s10,65,64,16,44,32,20,1,1,1,28,5,1,80,NA,2018
avonpark,2018-05-31,avonpark f1,east,e10,65,40,23,24,52,47,0.5,0,0,45,5,1,80,NA,2018
avonpark,2018-05-31,avonpark f1,west,w10,23,24,27,64,43,52,0.5,0.5,1,25,20,2,75,NA,2018
avonpark,2018-05-29,avonpark e1,north,n10,39,22,16,115,74,80,1,2,1,40,10,0,45,NA,2018
avonpark,2018-05-29,avonpark e1,south,s10,13,11,8,49,41,51,1,3,2,55,25,0,10,NA,2018
avonpark,2018-05-29,avonpark e1,east,e10,28,27,33,60,42,47,1,1,2,45,30,0,15,NA,2018
avonpark,2018-05-29,avonpark e1,west,w10,117,73,61,35,22,49,3,3,4,43,20,3,30,NA,2018
avonpark,2018-05-30,avonpark a1,north,n10,54,28,65,41,35,40,1,1,2,30,15,1,80,NA,2018
avonpark,2018-05-30,avonpark a1,south,s10,23,18,NA,61,55,60,1,2,1,30,75,3,15,NA,2018
avonpark,2018-05-30,avonpark a1,east,e10,94,98,80,90,98,81,1,1,2,70,30,0.5,40,NA,2018
avonpark,2018-05-30,avonpark a1,west,w10,66,81,67,53,57,48,2,1,3,57,25,5,20,NA,2018
avonpark,2018-05-29,avonpark e2,north,n10,0,NA,NA,88,79,82,2,1,1,65,15,3,17,NA,2018
avonpark,2018-05-29,avonpark e2,south,s10,126,NA,NA,62,50,60,4,1,2,45,5,5,35,NA,2018
avonpark,2018-05-29,avonpark e2,east,e10,0,NA,NA,76,58,78,3,1,2,65,5,1,15,NA,2018
avonpark,2018-05-29,avonpark e2,west,w10,139,107,134,93,76,70,5,2,3,70,15,0,3,NA,2018
avonpark,2018-05-31,avonpark c1,north,n10,107,109,119,67,56,44,8,8,12,20,10,0,0,NA,2018
avonpark,2018-05-31,avonpark c1,south,s10,92,95,24,37,38,35,2,4,2,25,85,5,5,NA,2018
avonpark,2018-05-31,avonpark c1,east,e10,97,83,30,70,65,49,4,3,11,10,80,5,0,NA,2018
avonpark,2018-05-31,avonpark c1,west,w10,102,108,101,82,101,122,3,1,1,40,20,7,5,NA,2018
avonpark,2018-05-31,avonpark c2,north,n10,114,104,119,41,48,67,0.5,4,3,40,75,15,10,NA,2018
avonpark,2018-05-31,avonpark c2,south,s10,130,134,123,16,35,43,3,4,2,55,80,25,5,NA,2018
avonpark,2018-05-31,avonpark c2,east,e10,95,91,78,65,31,42,4,5,7,30,30,5,15,NA,2018
avonpark,2018-05-31,avonpark c2,west,w10,102,85,83,39,14,9,4,2,8,25,45,2,25,NA,2018
tyndall,2018-06-25,tyndall b1,north,n10,65,48,34,53,41,19,1,2,0,45,45,5,50,NA,2018
tyndall,2018-06-25,tyndall b1,south,s10,37,35,39,15,17,15,1,1,1,54,20,2,60,NA,2018
tyndall,2018-06-25,tyndall b1,east,e10,64,28,17,27,28,30,2,3,2,27,80,3,15,NA,2018
tyndall,2018-06-25,tyndall b1,west,w10,41,36,26,26,19,35,1,2,2,45,40,2,50,NA,2018
tyndall,2018-06-25,tyndall b2,north,n10,74,51,69,29,42,12,1,1,3,54,20,1,20,NA,2018
tyndall,2018-06-25,tyndall b2,south,s10,56,55,55,39,46,27,2,1,2,40,50,15,20,NA,2018
tyndall,2018-06-25,tyndall b2,east,e10,37,28,60,37,35,21,1,7,1,65,30,4,20,NA,2018
tyndall,2018-06-25,tyndall b2,west,w10,47,45,38,50,43,21,2,1,2,44,20,1,20,NA,2018
tyndall,2018-06-27,tyndall b3,north,n10,91,85,77,67,24,73,4,1,3,40,70,5,25,NA,2018
tyndall,2018-06-27,tyndall b3,south,s10,77,82,85,120,25,31,1,2,2,65,85,4,5,NA,2018
tyndall,2018-06-27,tyndall b3,east,e10,58,51,47,37,40,37,1,1,1,45,35,2,40,NA,2018
tyndall,2018-06-27,tyndall b3,west,w10,74,65,59,101,87,57,3,2,2,60,20,1,10,NA,2018
tyndall,2018-06-27,tyndall b4,north,n10,77,98,71,49,37,62,2,1,2,65,30,1,20,NA,2018
tyndall,2018-06-27,tyndall b4,south,s10,95,78,72,43,16,15,1,3,3,60,65,2,25,NA,2018
tyndall,2018-06-27,tyndall b4,east,e10,91,91,70,19,16,25,1,3,2,45,50,2,20,NA,2018
tyndall,2018-06-27,tyndall b4,west,w10,120,101,95,15,14,62,3,5,2,95,50,2,10,NA,2018
tyndall,2018-06-25,tyndall d2,north,n10,7,NA,NA,66,NA,NA,2,9,7,2,95,3,0,NA,2018
tyndall,2018-06-25,tyndall d2,south,s10,144,143,150,0,NA,NA,7,11,8,30,95,5,0,NA,2018
tyndall,2018-06-25,tyndall d2,east,e10,0,NA,NA,21,12,18,4,5,6,1,100,7,0,NA,2018
tyndall,2018-06-25,tyndall d2,west,w10,136,90,94,0,NA,NA,8,12,10,30,100,10,0,NA,2018
tyndall,2018-06-26,tyndall c1,north,n10,91,85,82,44,14,NA,2,3,2,55,80,2,5,NA,2018
tyndall,2018-06-26,tyndall c1,south,s10,138,146,154,0,NA,NA,4,2,4,55,90,3,7,NA,2018
tyndall,2018-06-26,tyndall c1,east,e10,112,109,95,0,NA,NA,2,4,3,50,90,5,5,NA,2018
tyndall,2018-06-26,tyndall c1,west,w10,145,142,110,0,NA,NA,3,2,3,60,100,4,0,NA,2018
tyndall,2018-06-26,tyndall c2,north,n10,100,53,59,0,NA,NA,2,0.5,2,25,70,2,30,NA,2018
tyndall,2018-06-26,tyndall c2,south,s10,118,116,109,0,NA,NA,3,1,3,70,30,5,10,NA,2018
tyndall,2018-06-26,tyndall c2,east,e10,125,135,129,15,10,NA,3,4,4,55,95,3,0,NA,2018
tyndall,2018-06-26,tyndall c2,west,w10,133,99,97,78,46,56,1,2,1,40,65,15,25,NA,2018
jackson,2018-07-09,jackson a1,north,n10,0,NA,NA,76,25,17,12,9,7,25,50,2,0,NA,2018
jackson,2018-07-09,jackson a1,south,s10,31,NA,NA,15,6,3,3,4,4,3,100,3,0,NA,2018
jackson,2018-07-09,jackson a1,east,e10,63,54,63,28,32,30,8,4,7,70,90,7,0,NA,2018
jackson,2018-07-09,jackson a1,west,w10,0,NA,NA,0,NA,NA,4,17,23,0,100,50,0,NA,2018
jackson,2018-07-09,jackson b1,north,n10,42,NA,NA,0,NA,NA,4,3,9,10,100,8,0,NA,2018
jackson,2018-07-09,jackson b1,south,s10,0,NA,NA,140,129,132,14,8,8,10,100,55,0,NA,2018
jackson,2018-07-09,jackson b1,east,e10,11,NA,NA,14,9,10,5,2,6,6,75,8,25,NA,2018
jackson,2018-07-09,jackson b1,west,w10,29,21,59,13,NA,NA,4,6,7,11,100,5,0,NA,2018
jackson,2018-07-09,jackson c1,north,n10,0,NA,NA,0,NA,NA,3,15,4,0,85,35,15,NA,2018
jackson,2018-07-09,jackson c1,south,s10,0,NA,NA,0,NA,NA,4,3,7,0,95,5,5,NA,2018
jackson,2018-07-09,jackson c1,east,e10,37,43,36,0,NA,NA,3,3,4,15,65,5,35,NA,2018
jackson,2018-07-09,jackson c1,west,w10,48,44,15,0,NA,NA,3,1,2,7,85,5,15,NA,2018
jackson,2018-07-09,jackson d1,north,n10,0,NA,NA,47,9,19,4,7,5,14,95,2,0,NA,2018
jackson,2018-07-09,jackson d1,south,s10,0,NA,NA,33,30,14,8,5,3,7,100,2,0,NA,2018
jackson,2018-07-09,jackson d1,east,e10,27,28,20,0,NA,NA,7,10,6,6,100,0,0,NA,2018
jackson,2018-07-09,jackson d1,west,w10,34,1,NA,9,27,17,3,7,6,8,100,1,0,NA,2018
jackson,2018-07-10,jackson e1,north,n10,95,14,13,13,31,12,12,5,3,5,85,5,15,NA,2018
jackson,2018-07-10,jackson e1,south,s10,19,12,26,102,37,4,3,6,6,10,98,10,2,NA,2018
jackson,2018-07-10,jackson e1,east,e10,0,NA,NA,39,32,14,6,3,8,4,85,0,15,NA,2018
jackson,2018-07-10,jackson e1,west,w10,8,NA,NA,15,13,NA,6,2,3,2,90,1,10,NA,2018
jackson,2018-07-10,jackson f1,north,n10,0,NA,NA,0,NA,NA,4,4,3,0,80,4,20,NA,2018
jackson,2018-07-10,jackson f1,south,s10,43,10,NA,0,NA,NA,8,4,6,2,95,5,5,NA,2018
jackson,2018-07-10,jackson f1,east,e10,21,21,36,12,10,30,1,3,3,14,70,3,30,NA,2018
jackson,2018-07-10,jackson f1,west,w10,125,105,51,0,NA,NA,3,3,3,25,95,5,5,NA,2018
jackson,2018-07-10,jackson g1,north,n10,91,18,16,0,NA,NA,3,5,4,25,90,5,0,NA,2018
jackson,2018-07-10,jackson g1,south,s10,0,NA,NA,11,2,3,2,3,2,35,60,2,5,NA,2018
jackson,2018-07-10,jackson g1,east,e10,32,25,18,0,NA,NA,4,9,2,15,100,5,0,NA,2018
jackson,2018-07-10,jackson g1,west,w10,18,20,12,45,22,19,9,4,6,25,100,2,0,NA,2018
jackson,2018-07-12,jackson h1,north,n10,44,49,58,13,20,9,3,2,5,80,100,2,0,NA,2018
jackson,2018-07-12,jackson h1,south,s10,133,91,79,17,5,4,4,3,5,75,80,1,5,NA,2018
jackson,2018-07-12,jackson h1,east,e10,155,49,55,19,38,39,4,4,9,25,100,2,0,NA,2018
jackson,2018-07-12,jackson h1,west,w10,133,60,109,56,35,NA,7,8,12,70,95,5,0,NA,2018
jackson,2018-07-11,jackson i1,north,n10,0,NA,NA,78,77,21,6,3,4,20,50,5,20,NA,2018
jackson,2018-07-11,jackson i1,south,s10,52,37,40,35,28,20,3,2,3,25,85,2,15,NA,2018
jackson,2018-07-11,jackson i1,east,e10,22,9,NA,62,52,44,4,2,3,20,70,0,20,NA,2018
jackson,2018-07-11,jackson i1,west,w10,19,NA,NA,34,21,17,4,6,7,10,80,40,0,NA,2018
jackson,2018-07-11,jackson j1,north,n10,70,62,73,0,NA,NA,3,2,3,20,90,3,10,NA,2018
jackson,2018-07-11,jackson j1,south,s10,66,30,36,4,6,5,2,3,3,20,100,10,0,NA,2018
jackson,2018-07-11,jackson j1,east,e10,15,19,18,21,23,26,3,2,2,45,95,1,0,NA,2018
jackson,2018-07-11,jackson j1,west,w10,34,39,35,25,29,22,4,4,3,30,90,5,10,NA,2018
jackson,2018-07-11,jackson k1,north,n10,0,NA,NA,22,18,17,3,7,2,1,95,10,5,NA,2018
jackson,2018-07-11,jackson k1,south,s10,53,23,28,12,15,16,2,2,3,4,40,1,60,NA,2018
jackson,2018-07-11,jackson k1,east,e10,42,29,21,30,24,19,5,2,1,13,80,3,20,NA,2018
jackson,2018-07-11,jackson k1,west,w10,35,33,32,18,15,8,2,1,1,7,60,3,40,NA,2018
jackson,2018-07-13,jackson l1,north,n10,16,21,NA,20,17,25,3,7,2,15,100,5,0,NA,2018
jackson,2018-07-13,jackson l1,south,s10,39,32,34,29,21,22,8,7,6,65,100,2,0,NA,2018
jackson,2018-07-13,jackson l1,east,e10,21,NA,NA,40,21,29,4,5,5,35,100,4,0,NA,2018
jackson,2018-07-13,jackson l1,west,w10,0,NA,NA,43,33,31,4,7,5,20,100,5,0,NA,2018
jackson,2018-07-13,jackson m1,north,n10,15,NA,NA,38,42,39,2,2,0.5,10,30,1,70,NA,2018
jackson,2018-07-13,jackson m1,south,s10,77,NA,NA,43,25,17,10,9,11,17,100,5,0,NA,2018
jackson,2018-07-13,jackson m1,east,e10,17,15,13,54,57,31,6,5,8,10,100,3,0,NA,2018
jackson,2018-07-13,jackson m1,west,w10,20,16,23,0,NA,NA,7,7,4,25,100,50,0,NA,2018
benning,2018-07-24,benning a1,north,n10,145,133,125,25,27,10,5,4,3,75,98,2,2,NA,2018
benning,2018-07-24,benning a1,south,s10,195,110,66,50,31,25,4,6,5,45,95,5,3,NA,2018
benning,2018-07-24,benning a1,east,e10,100,115,140,21,10,17,4,4,6,50,95,5,2,NA,2018
benning,2018-07-24,benning a1,west,w10,136,160,135,13,7,10,3,5,3,95,100,10,0,NA,2018
benning,2018-07-24,benning b1,north,n10,130,138,85,14,18,10,3,2,3,65,90,5,0,NA,2018
benning,2018-07-24,benning b1,south,s10,84,53,73,24,36,23,3,3,2,30,95,5,0,NA,2018
benning,2018-07-24,benning b1,east,e10,63,100,15,27,11,8,3,3,3,14,100,3,0,NA,2018
benning,2018-07-24,benning b1,west,w10,46,42,32,29,36,50,1,2,2,35,90,1,0,NA,2018
benning,2018-07-25,benning c1,north,n10,85,56,69,139,51,49,1,3,1,40,75,10,10,NA,2018
benning,2018-07-25,benning c1,south,s10,60,67,81,123,120,137,1,1,2,75,30,0,60,NA,2018
benning,2018-07-25,benning c1,east,e10,141,120,112,124,120,103,1,1,1,75,25,2,70,NA,2018
benning,2018-07-25,benning c1,west,w10,87,54,65,128,74,110,4,2,3,65,55,10,10,NA,2018
benning,2018-07-25,benning d1,north,n10,52,43,37,72,48,38,1,2,1,57,20,3,40,NA,2018
benning,2018-07-25,benning d1,south,s10,134,82,53,60,47,30,3,26,1,55,60,25,20,litter ht 2 is from a log,2018
benning,2018-07-25,benning d1,east,e10,103,63,72,82,57,38,1,2,1,70,45,1,10,NA,2018
benning,2018-07-25,benning d1,west,w10,0,NA,NA,90,66,43,1,1,2,50,35,5,35,NA,2018
benning,2018-07-26,benning e1,north,n10,21,14,55,41,33,30,1,3,2,50,95,5,0,NA,2018
benning,2018-07-26,benning e1,south,s10,33,33,20,66,33,22,2,2,1,15,95,5,5,NA,2018
benning,2018-07-26,benning e1,east,e10,88,NA,NA,30,30,29,8,4,4,24,100,25,0,NA,2018
benning,2018-07-26,benning e1,west,w10,18,10,NA,43,34,35,7,2,2,28,100,10,0,NA,2018
benning,2018-07-26,benning f1,north,n10,0,NA,NA,29,12,30,4,3,1,33,95,10,5,NA,2018
benning,2018-07-26,benning f1,south,s10,56,42,47,34,24,35,4,4,3,20,100,5,0,NA,2018
benning,2018-07-26,benning f1,east,e10,16,NA,NA,17,33,12,7,3,4,7,100,8,0,NA,2018
benning,2018-07-26,benning f1,west,w10,68,17,21,110,35,87,4,2,2,25,100,10,0,NA,2018
benning,2018-07-27,benning j1,north,n10,160,46,64,25,42,45,3,1,2,60,20,0,80,NA,2018
benning,2018-07-27,benning j1,south,s10,74,46,50,110,80,70,1,1,1,45,30,2,70,NA,2018
benning,2018-07-27,benning j1,east,e10,106,66,75,91,43,66,1,1,4,65,15,10,85,NA,2018
benning,2018-07-27,benning j1,west,w10,62,30,75,55,33,32,3,1,1,45,25,2,75,NA,2018
benning,2018-07-27,benning i1,north,n10,30,18,18,8,7,8,2,1,2,15,85,5,15,NA,2018
benning,2018-07-27,benning i1,south,s10,48,28,34,86,60,22,2,3,1,40,80,10,20,NA,2018
benning,2018-07-27,benning i1,east,e10,75,45,63,0,NA,NA,8,4,3,40,100,25,0,NA,2018
benning,2018-07-27,benning i1,west,w10,32,7,7,17,11,26,4,3,9,35,85,8,15,NA,2018
benning,2018-07-28,benning g1,north,n10,0,NA,NA,30,26,104,2,5,2,20,100,4,0,NA,2018
benning,2018-07-28,benning g1,south,s10,47,55,36,57,32,47,6,2,2,15,100,10,0,NA,2018
benning,2018-07-28,benning g1,east,e10,20,45,NA,136,70,100,1,3,1,50,60,1,40,NA,2018
benning,2018-07-28,benning g1,west,w10,25,25,15,42,26,23,1,4,2,15,85,7,15,NA,2018
benning,2018-07-28,benning h1,north,n10,39,17,31,35,32,41,3,2,3,50,80,2,10,NA,2018
benning,2018-07-28,benning h1,south,s10,73,43,45,81,51,40,1,3,3,65,70,3,15,NA,2018
benning,2018-07-28,benning h1,east,e10,22,4,6,76,22,55,3,4,3,25,65,5,25,NA,2018
benning,2018-07-28,benning h1,west,w10,8,7,10,33,63,37,2,3,5,34,80,3,10,NA,2018
shelby,2018-08-11,shelby a1,north,n10,36,43,29,46,52,64,2,2,1,65,30,4,70,NA,2018
shelby,2018-08-11,shelby a1,south,s10,19,NA,NA,56,56,38,1,1,2,29,85,1,15,NA,2018
shelby,2018-08-11,shelby a1,east,e10,15,11,NA,79,78,55,4,1,2,66,20,0,75,NA,2018
shelby,2018-08-11,shelby a1,west,w10,40,NA,NA,35,34,51,3,2,1,22,25,5,75,NA,2018
shelby,2018-08-12,shelby a2,north,n10,63,NA,NA,71,32,20,1,2,1,20,70,3,30,NA,2018
shelby,2018-08-12,shelby a2,south,s10,34,11,26,26,43,14,2,4,2,15,80,5,20,NA,2018
shelby,2018-08-12,shelby a2,east,e10,52,52,45,8,4,4,4,3,3,25,60,10,40,NA,2018
shelby,2018-08-12,shelby a2,west,w10,29,NA,NA,113,56,47,4,2,5,20,50,5,50,NA,2018
shelby,2018-08-12,shelby e1,north,n10,100,33,24,31,31,27,3,4,9,40,90,2,0,NA,2018
shelby,2018-08-12,shelby e1,south,s10,30,NA,NA,37,34,27,8,2,3,10,75,1,25,NA,2018
shelby,2018-08-12,shelby e1,east,e10,82,45,27,62,38,56,8,13,12,40,80,1,0,NA,2018
shelby,2018-08-12,shelby e1,west,w10,93,84,101,51,35,31,3,4,5,75,80,5,0,NA,2018
shelby,2018-08-11,shelby c1,north,n10,81,39,28,36,18,48,3,3,2,35,100,2,0,NA,2018
shelby,2018-08-11,shelby c1,south,s10,115,90,61,27,41,39,6,3,4,50,90,2,0,NA,2018
shelby,2018-08-11,shelby c1,east,e10,102,81,98,39,22,56,4,5,3,60,80,2,0,NA,2018
shelby,2018-08-11,shelby c1,west,w10,66,33,24,17,67,41,2,4,3,35,95,5,5,NA,2018
shelby,2018-08-15,shelby b2,north,n10,55,50,67,127,94,35,5,2,1,85,40,8,60,NA,2018
shelby,2018-08-15,shelby b2,south,s10,76,72,72,85,82,77,1,2,1,55,35,5,65,NA,2018
shelby,2018-08-15,shelby b2,east,e10,76,31,23,31,27,21,7,1,8,75,10,5,50,NA,2018
shelby,2018-08-15,shelby b2,west,w10,93,59,78,11,10,8,5,1,1,44,75,7,25,NA,2018
shelby,2018-08-15,shelby b3,north,n10,0,NA,NA,43,68,64,11,2,2,65,20,10,80,NA,2018
shelby,2018-08-15,shelby b3,south,s10,150,146,152,100,100,125,8,3,2,80,35,0,65,NA,2018
shelby,2018-08-15,shelby b3,east,e10,23,20,27,40,50,58,1,2,1,50,15,1,85,NA,2018
shelby,2018-08-15,shelby b3,west,w10,150,118,100,35,35,29,1,1,2,50,70,1,30,NA,2018
shelby,2018-08-13,shelby h1,north,n10,215,174,220,0,NA,NA,11,7,6,55,70,4,0,NA,2018
shelby,2018-08-13,shelby h1,south,s10,73,NA,NA,68,34,35,6,5,5,32,90,5,5,NA,2018
shelby,2018-08-13,shelby h1,east,e10,200,118,90,70,41,33,3,7,5,65,95,5,0,NA,2018
shelby,2018-08-13,shelby h1,west,w10,230,62,50,71,53,29,5,3,5,55,90,0,0,NA,2018
shelby,2018-08-13,shelby i1,north,n10,135,19,44,23,54,39,13,5,2,15,100,0,0,NA,2018
shelby,2018-08-13,shelby i1,south,s10,63,50,NA,43,26,42,4,4,6,55,100,0,0,NA,2018
shelby,2018-08-13,shelby i1,east,e10,75,133,104,58,32,34,6,5,5,70,100,2,0,NA,2018
shelby,2018-08-13,shelby i1,west,w10,70,NA,NA,33,31,90,8,4,4,55,80,0,0,NA,2018
shelby,2018-08-14,shelby j1,north,n10,104,116,86,40,38,60,2,5,7,55,80,0,20,NA,2018
shelby,2018-08-14,shelby j1,south,s10,110,152,250,30,28,10,4,3,5,90,100,7,0,NA,2018
shelby,2018-08-14,shelby j1,east,e10,130,173,250,39,22,22,5,3,4,95,100,3,0,NA,2018
shelby,2018-08-14,shelby j1,west,w10,78,96,64,44,47,48,4,5,4,70,100,8,0,NA,2018
shelby,2018-08-14,shelby k1,north,n10,58,47,NA,72,93,104,2,1,1,60,10,2,50,NA,2018
shelby,2018-08-14,shelby k1,south,s10,250,67,63,96,98,64,3,2,2,70,30,0,70,NA,2018
shelby,2018-08-14,shelby k1,east,e10,43,65,63,89,48,86,1,1,2,65,10,2,60,NA,2018
shelby,2018-08-14,shelby k1,west,w10,93,87,250,38,76,144,1,1,1,60,10,2,60,NA,2018
gordon,2018-08-20,gordon a1,north,n10,14,17,33,69,51,42,2,2,1,15,50,5,25,NA,2018
gordon,2018-08-20,gordon a1,south,s10,0,NA,NA,89,92,85,8,3,3,15,70,20,15,NA,2018
gordon,2018-08-20,gordon a1,east,e10,67,125,30,29,34,45,4,2,1,45,60,4,10,NA,2018
gordon,2018-08-20,gordon a1,west,w10,125,193,110,51,43,41,6,1,4,70,60,5,10,NA,2018
gordon,2018-08-20,gordon b1,north,n10,12,NA,NA,64,78,58,1,2,5,15,45,4,40,NA,2018
gordon,2018-08-20,gordon b1,south,s10,35,65,65,56,56,83,9,2,2,10,65,10,35,NA,2018
gordon,2018-08-20,gordon b1,east,e10,0,NA,NA,96,81,31,1,4,2,35,50,3,30,NA,2018
gordon,2018-08-20,gordon b1,west,w10,0,NA,NA,86,60,60,10,2,1,15,25,12,65,NA,2018
gordon,2018-08-20,gordon c1,north,n10,91,32,42,47,19,19,2,2,3,30,95,2,0,NA,2018
gordon,2018-08-20,gordon c1,south,s10,32,125,130,24,20,17,4,5,3,35,85,5,0,NA,2018
gordon,2018-08-20,gordon c1,east,e10,78,NA,NA,32,10,10,4,3,3,10,100,4,0,NA,2018
gordon,2018-08-20,gordon c1,west,w10,77,50,31,15,15,20,3,3,2,20,90,2,5,NA,2018
gordon,2018-08-21,gordon d1,north,n10,0,NA,NA,34,28,16,4,5,6,6,100,10,0,NA,2018
gordon,2018-08-21,gordon d1,south,s10,24,NA,NA,15,24,20,5,3,3,5,100,7,0,NA,2018
gordon,2018-08-21,gordon d1,east,e10,120,79,25,31,18,18,5,6,6,18,100,2,0,NA,2018
gordon,2018-08-21,gordon d1,west,w10,16,NA,NA,34,22,22,2,3,2,2,100,3,0,NA,2018
gordon,2018-08-21,gordon e1,north,n10,15,NA,NA,47,5,7,6,6,5,3,100,11,0,NA,2018
gordon,2018-08-21,gordon e1,south,s10,84,NA,NA,15,36,18,26,8,11,10,100,40,0,litter ht 1 is from huge down tree in quadrat,2018
gordon,2018-08-21,gordon e1,east,e10,13,12,22,9,9,9,10,3,6,9,100,12,0,NA,2018
gordon,2018-08-21,gordon e1,west,w10,16,9,NA,15,14,5,3,3,2,9,85,5,5,NA,2018
gordon,2018-08-21,gordon f1,north,n10,18,7,10,41,7,17,3,2,2,10,80,10,20,NA,2018
gordon,2018-08-21,gordon f1,south,s10,0,NA,NA,105,39,44,2,6,2,35,65,3,25,NA,2018
gordon,2018-08-21,gordon f1,east,e10,0,NA,NA,88,69,58,12,2,3,35,100,15,0,NA,2018
gordon,2018-08-21,gordon f1,west,w10,0,NA,NA,56,56,52,2,2,1,35,90,3,10,NA,2018
gordon,2018-08-22,gordon g1,north,n10,0,NA,NA,17,11,11,4,3,3,2,95,3,0,NA,2018
gordon,2018-08-22,gordon g1,south,s10,0,NA,NA,35,40,42,2,3,2,60,95,5,0,NA,2018
gordon,2018-08-22,gordon g1,east,e10,167,160,152,65,45,60,3,3,2,35,100,2,0,NA,2018
gordon,2018-08-22,gordon g1,west,w10,0,NA,NA,46,12,43,4,2,1,23,100,4,0,NA,2018
gordon,2018-08-22,gordon h1,north,n10,37,47,37,17,25,4,5,2,1,45,75,5,20,NA,2018
gordon,2018-08-22,gordon h1,south,s10,91,31,48,27,19,17,2,1,1,19,90,3,10,NA,2018
gordon,2018-08-22,gordon h1,east,e10,34,20,33,12,14,18,3,2,2,25,85,6,15,NA,2018
gordon,2018-08-22,gordon h1,west,w10,125,52,43,0,NA,NA,3,2,2,65,90,3,10,NA,2018
seay,2019-04-24,seay i1,north,n10,0,NA,NA,87,107,102,17,10,14,60,80,5,5,NA,2019
seay,2019-04-24,seay i1,south,s10,0,NA,NA,102,90,92,5,11,14,50,100,1,0,NA,2019
seay,2019-04-24,seay i1,east,e10,0,NA,NA,125,100,135,25,15,25,60,100,5,0,NA,2019
seay,2019-04-24,seay i1,west,w10,0,NA,NA,115,104,108,25,22,21,75,90,5,0,NA,2019
seay,2019-04-24,seay n1,north,n10,0,NA,NA,39,36,29,7,6,5,30,80,5,0,NA,2019
seay,2019-04-24,seay n1,south,s10,0,NA,NA,33,31,35,2,3,3,45,90,3,0,NA,2019
seay,2019-04-24,seay n1,east,e10,0,NA,NA,70,59,54,3,4,3,35,85,3,0,NA,2019
seay,2019-04-24,seay n1,west,w10,0,NA,NA,68,36,33,4,6,5,30,85,8,0,NA,2019
wes,2019-04-03,wes i1,north,n10,0,NA,NA,121,110,119,4,5,5,40,20,0,0,NA,2019
wes,2019-04-03,wes i1,south,s10,0,NA,NA,117,140,108,5,6,8,30,40,1,0,NA,2019
wes,2019-04-03,wes i1,east,e10,0,NA,NA,140,122,139,12,7,8,60,20,2,0,NA,2019
wes,2019-04-03,wes i1,west,w10,0,NA,NA,130,134,127,7,8,9,50,15,0,0,NA,2019
peaceriver,2019-04-18,peaceriver i1,north,n10,0,NA,NA,80,90,84,9,7,7,40,60,2,5,NA,2019
peaceriver,2019-04-18,peaceriver i1,south,s10,0,NA,NA,87,95,87,7,15,12,40,100,1,0,NA,2019
peaceriver,2019-04-18,peaceriver i1,east,e10,0,NA,NA,100,100,104,8,4,6,55,50,2,5,NA,2019
peaceriver,2019-04-18,peaceriver i1,west,w10,95,NA,NA,137,130,142,12,16,16,70,100,0,0,NA,2019
hancock,2019-04-16,hancock n1,north,n10,0,NA,NA,18,18,5,3,3,2,85,10,0,10,NA,2019
hancock,2019-04-16,hancock n1,south,s10,0,NA,NA,21,23,18,1,2,1,85,10,0,10,NA,2019
hancock,2019-04-16,hancock n1,east,e10,0,NA,NA,20,18,18,2,1,1,70,10,0,10,NA,2019
hancock,2019-04-16,hancock n1,west,w10,0,NA,NA,7,7,6,1,2,1,50,10,5,10,NA,2019
munson,2019-04-30,munson i1,north,n10,0,NA,NA,84,52,65,1,2,1,40,95,0,5,NA,2019
munson,2019-04-30,munson i1,south,s10,0,NA,NA,105,80,84,2,2,1,50,80,0,20,NA,2019
munson,2019-04-30,munson i1,east,e10,102,18,38,75,49,47,2,2,1,25,100,0,5,NA,2019
munson,2019-04-30,munson i1,west,w10,0,NA,NA,0,NA,NA,NA,NA,NA,NA,NA,0,NA,quadrat 10m in water,2019
riversedge,2019-05-01,riversedge i3,north,n10,15,7,NA,41,45,50,3,1,1,40,80,2,15,NA,2019
riversedge,2019-05-01,riversedge i3,south,s10,0,NA,NA,41,33,31,1,1,1,50,20,0,60,NA,2019
riversedge,2019-05-01,riversedge i3,east,e10,10,9,NA,34,44,30,1,2,1,18,85,5,15,NA,2019
riversedge,2019-05-01,riversedge i3,west,w10,0,NA,NA,24,38,30,1,2,1,10,10,0,90,NA,2019
peaceriver,2019-05-08,peaceriver n1,north,n10,0,NA,NA,32,32,25,3,2,3,50,65,0,0,NA,2019
peaceriver,2019-05-08,peaceriver n1,south,s10,0,NA,NA,30,41,33,1,1,1,45,60,2,20,NA,2019
peaceriver,2019-05-08,peaceriver n1,east,e10,0,NA,NA,46,26,29,2,6,2,75,65,0,5,NA,2019
peaceriver,2019-05-08,peaceriver n1,west,w10,0,NA,NA,22,16,16,2,3,3,20,100,5,0,NA,2019
peaceriver,2019-05-08,peaceriver i2,north,n10,0,NA,NA,91,85,85,2,5,2,50,100,0,0,NA,2019
peaceriver,2019-05-08,peaceriver i2,south,s10,0,NA,NA,78,100,85,3,3,2,60,80,0,0,NA,2019
peaceriver,2019-05-08,peaceriver i2,east,e10,0,NA,NA,105,105,98,2,5,3,70,80,0,5,NA,2019
peaceriver,2019-05-08,peaceriver i2,west,w10,0,NA,NA,69,82,100,3,3,3,65,70,0,0,NA,2019
hancock,2019-05-08,hancock i3,north,n10,82,146,115,110,105,110,2,3,1,80,80,2,5,NA,2019
hancock,2019-05-08,hancock i3,south,s10,126,92,NA,81,73,68,1,2,2,25,100,2,0,NA,2019
hancock,2019-05-08,hancock i3,east,e10,138,133,110,96,79,77,2,2,1,30,95,3,5,NA,2019
hancock,2019-05-08,hancock i3,west,w10,0,NA,NA,97,94,98,4,2,3,75,50,0,0,NA,2019
hancock,2019-05-08,hancock n2,north,n10,0,NA,NA,71,83,58,1,1,2,70,5,25,0,NA,2019
hancock,2019-05-08,hancock n2,south,s10,42,59,39,23,32,48,1,1,2,35,80,5,10,NA,2019
hancock,2019-05-08,hancock n2,east,e10,0,NA,NA,60,60,52,3,3,2,30,85,10,15,NA,2019
hancock,2019-05-08,hancock n2,west,w10,0,NA,NA,46,38,38,1,1,1,65,15,0,5,NA,2019
hancock,2019-05-08,hancock i4,north,n10,0,NA,NA,95,100,118,1,1,2,85,25,0,60,NA,2019
hancock,2019-05-08,hancock i4,south,s10,90,64,70,139,144,140,2,2,1,65,80,0,10,NA,2019
hancock,2019-05-08,hancock i4,east,e10,150,186,163,101,100,98,2,1,1,65,90,0,10,NA,2019
hancock,2019-05-08,hancock i4,west,w10,27,NA,NA,80,79,76,1,1,9,45,35,35,25,NA,2019
wes,2019-05-15,wes n1,north,n10,77,93,51,38,14,21,3,3,4,24,100,10,0,NA,2019
wes,2019-05-15,wes n1,south,s10,0,NA,NA,40,21,35,1,4,2,10,70,5,30,NA,2019
wes,2019-05-15,wes n1,east,e10,29,22,15,77,68,70,1,5,1,45,50,3,40,NA,2019
wes,2019-05-15,wes n1,west,w10,22,31,24,49,59,22,3,3,1,24,50,10,50,NA,2019
brown,2019-05-21,brown i2,north,n10,0,NA,NA,91,81,100,5,3,5,60,30,0,10,NA,2019
brown,2019-05-21,brown i2,south,s10,0,NA,NA,70,82,69,6,5,5,60,30,5,10,NA,2019
brown,2019-05-21,brown i2,east,e10,0,NA,NA,92,90,100,9,6,4,40,80,0,5,NA,2019
brown,2019-05-21,brown i2,west,w10,0,NA,NA,75,85,88,7,4,4,40,80,5,0,NA,2019
brown,2019-05-21,brown n2,north,n10,0,NA,NA,35,35,29,3,4,3,40,90,0,10,NA,2019
brown,2019-05-21,brown n2,south,s10,110,51,42,52,24,28,3,4,2,50,50,5,10,NA,2019
brown,2019-05-21,brown n2,east,e10,0,NA,NA,37,48,55,3,6,11,15,100,5,0,NA,2019
brown,2019-05-21,brown n2,west,w10,0,NA,NA,454,25,35,2,2,2,22,85,5,10,NA,2019
silversprings,2019-05-22,silversprings i1,north,n10,0,NA,NA,129,151,145,3,4,4,65,100,0,0,NA,2019
silversprings,2019-05-22,silversprings i1,south,s10,115,NA,NA,43,76,91,1,2,1,30,85,5,15,NA,2019
silversprings,2019-05-22,silversprings i1,east,e10,87,NA,NA,132,134,135,2,2,1,85,40,3,50,NA,2019
silversprings,2019-05-22,silversprings i1,west,w10,0,NA,NA,132,132,142,3,4,5,80,90,1,10,NA,2019
silversprings,2019-05-22,silversprings n1,north,n10,0,NA,NA,64,14,46,3,3,2,35,70,5,10,NA,2019
silversprings,2019-05-22,silversprings n1,south,s10,83,NA,NA,47,43,42,22,3,1,35,95,0,5,NA,2019
silversprings,2019-05-22,silversprings n1,east,e10,0,NA,NA,55,56,58,3,2,2,60,75,0,5,NA,2019
silversprings,2019-05-22,silversprings n1,west,w10,0,NA,NA,53,43,40,2,7,5,45,90,2,10,NA,2019
munson,2019-06-05,munson n1,north,n10,47,52,100,0,NA,NA,6,3,2,13,90,15,10,NA,2019
munson,2019-06-05,munson n1,south,s10,145,41,NA,97,99,91,3,6,3,20,100,2,5,NA,2019
munson,2019-06-05,munson n1,east,e10,0,NA,NA,0,NA,NA,8,3,3,0,100,10,0,NA,2019
munson,2019-06-05,munson n1,west,w10,72,88,42,27,15,20,3,4,3,40,100,10,0,NA,2019
riversedge,2019-06-06,riversedge n1,north,n10,0,NA,NA,0,NA,NA,8,6,6,0,100,25,0,NA,2019
riversedge,2019-06-06,riversedge n1,south,s10,0,NA,NA,0,NA,NA,5,5,5,0,100,10,0,NA,2019
riversedge,2019-06-06,riversedge n1,east,e10,0,NA,NA,30,24,22,5,5,5,5,100,10,0,NA,2019
riversedge,2019-06-06,riversedge n1,west,w10,0,NA,NA,0,NA,NA,15,6,6,0,100,40,0,NA,2019
riversedge,2019-06-06,riversedge i2,north,n10,0,NA,NA,81,77,92,6,12,8,35,100,5,0,NA,2019
riversedge,2019-06-06,riversedge i2,south,s10,0,NA,NA,115,112,112,10,10,9,70,100,5,0,NA,2019
riversedge,2019-06-06,riversedge i2,east,e10,0,NA,NA,74,80,84,5,7,12,50,100,10,0,NA,2019
riversedge,2019-06-06,riversedge i2,west,w10,0,NA,NA,56,70,85,12,13,9,15,100,15,0,NA,2019
