installation,plot_id,veg_id,over_100cm,date,notes,scientific_name,functional_group,Genus,Species,Status,functional_group__1,stems_100m2,species_name,visit_year,imcy_inv,visit_date,last_fire_year,years_since_fire,lon,lat,pid2,inst_name
blanding,blanding b1,ASIMI,9,2017-06-08,NA,Asimina spp.,shrub,Asimina,spp.,native/introduced,shrub,5,Asimina spp.,2017,uninvaded,2017-06-08,2016,1,-81.990587,29.832857,B-1,Camp Blanding
blanding,blanding b1,DIVI,3,2017-06-08,NA,Diospyros virginiana,tree,Diospyros,virginiana,native,tree,2,Diospyros virginiana,2017,uninvaded,2017-06-08,2016,1,-81.990587,29.832857,B-1,Camp Blanding
blanding,blanding b1,QULA,8,2017-06-08,NA,Quercus laevis,tree,Quercus,laevis,native,tree,5,Quercus laevis,2017,uninvaded,2017-06-08,2016,1,-81.990587,29.832857,B-1,Camp Blanding
blanding,blanding b1,SM,1,2017-06-08,NA,Smilax spp.,vine,Smilax,spp.,native,vine,1,Smilax spp.,2017,uninvaded,2017-06-08,2016,1,-81.990587,29.832857,B-1,Camp Blanding
blanding,blanding a1,DIVI,1,2017-06-09,NA,Diospyros virginiana,tree,Diospyros,virginiana,native,tree,1,Diospyros virginiana,2017,uninvaded,2017-06-09,2017,0,-82.001082,29.86202,A-1,Camp Blanding
blanding,blanding a1,QULA,8,2017-06-09,NA,Quercus laevis,tree,Quercus,laevis,native,tree,5,Quercus laevis,2017,uninvaded,2017-06-09,2017,0,-82.001082,29.86202,A-1,Camp Blanding
blanding,blanding e1,ASIMI,3,2017-06-14,NA,Asimina spp.,shrub,Asimina,spp.,native/introduced,shrub,2,Asimina spp.,2017,uninvaded,2017-06-14,2013,4,-81.965662,29.849803,E-1,Camp Blanding
blanding,blanding e1,PIPA,3,2017-06-14,NA,Pinus palustris,tree,Pinus,palustris,native,tree,2,Pinus palustris,2017,uninvaded,2017-06-14,2013,4,-81.965662,29.849803,E-1,Camp Blanding
blanding,blanding e1,QUHE,1,2017-06-14,NA,Quercus hemisphaerica,tree,Quercus,hemisphaerica,native,tree,1,Quercus hemisphaerica,2017,uninvaded,2017-06-14,2013,4,-81.965662,29.849803,E-1,Camp Blanding
blanding,blanding e1,QULA,3,2017-06-14,NA,Quercus laevis,tree,Quercus,laevis,native,tree,2,Quercus laevis,2017,uninvaded,2017-06-14,2013,4,-81.965662,29.849803,E-1,Camp Blanding
blanding,blanding e1,QUMY,1,2017-06-14,NA,Quercus myrtifolia,tree,Quercus,myrtifolia,native,tree,1,Quercus myrtifolia,2017,uninvaded,2017-06-14,2013,4,-81.965662,29.849803,E-1,Camp Blanding
blanding,blanding e1,SERE,1,2017-06-14,NA,Serenoa repens,shrub/tree,Serenoa,repens,native,shrub/tree,1,Serenoa repens,2017,uninvaded,2017-06-14,2013,4,-81.965662,29.849803,E-1,Camp Blanding
blanding,blanding g1,SERE,48,2017-06-15,NA,Serenoa repens,shrub/tree,Serenoa,repens,native,shrub/tree,29,Serenoa repens,2017,uninvaded,2017-06-15,2011,6,-81.950797,29.869148,G-1,Camp Blanding
blanding,blanding h1,DIVI,17,2017-06-20,NA,Diospyros virginiana,tree,Diospyros,virginiana,native,tree,10,Diospyros virginiana,2017,uninvaded,2017-06-16,2009,8,-81.949534,29.866916,H-1,Camp Blanding
blanding,blanding h1,QUNI,7,2017-06-20,NA,Quercus nigra,tree,Quercus,nigra,native,tree,4,Quercus nigra,2017,uninvaded,2017-06-16,2009,8,-81.949534,29.866916,H-1,Camp Blanding
blanding,blanding f1,ASIMI,8,2017-06-21,NA,Asimina spp.,shrub,Asimina,spp.,native/introduced,shrub,5,Asimina spp.,2017,uninvaded,2017-06-22,2007,10,-81.982317,29.833612,F-1,Camp Blanding
blanding,blanding d1,DIVI,3,2017-06-21,NA,Diospyros virginiana,tree,Diospyros,virginiana,native,tree,2,Diospyros virginiana,2017,uninvaded,2017-06-20,2014,3,-81.998625,29.869196,D-1,Camp Blanding
blanding,blanding f1,DIVI,4,2017-06-21,NA,Diospyros virginiana,tree,Diospyros,virginiana,native,tree,2,Diospyros virginiana,2017,uninvaded,2017-06-22,2007,10,-81.982317,29.833612,F-1,Camp Blanding
blanding,blanding f1,PICL,1,2017-06-21,NA,Pinus clausa,tree,Pinus,clausa,native,tree,1,Pinus clausa,2017,uninvaded,2017-06-22,2007,10,-81.982317,29.833612,F-1,Camp Blanding
blanding,blanding f1,PIPA,1,2017-06-21,NA,Pinus palustris,tree,Pinus,palustris,native,tree,1,Pinus palustris,2017,uninvaded,2017-06-22,2007,10,-81.982317,29.833612,F-1,Camp Blanding
blanding,blanding d1,QUGE,6,2017-06-21,NA,Quercus geminata,tree,Quercus,geminata,native,tree,4,Quercus geminata,2017,uninvaded,2017-06-20,2014,3,-81.998625,29.869196,D-1,Camp Blanding
blanding,blanding f1,QUIN,4,2017-06-21,NA,Quercus incana,tree,Quercus,incana,native,tree,2,Quercus incana,2017,uninvaded,2017-06-22,2007,10,-81.982317,29.833612,F-1,Camp Blanding
blanding,blanding d1,QULA,5,2017-06-21,NA,Quercus laevis,tree,Quercus,laevis,native,tree,3,Quercus laevis,2017,uninvaded,2017-06-20,2014,3,-81.998625,29.869196,D-1,Camp Blanding
blanding,blanding f1,QULA,8,2017-06-21,NA,Quercus laevis,tree,Quercus,laevis,native,tree,5,Quercus laevis,2017,uninvaded,2017-06-22,2007,10,-81.982317,29.833612,F-1,Camp Blanding
blanding,blanding f1,QUMY,11,2017-06-21,NA,Quercus myrtifolia,tree,Quercus,myrtifolia,native,tree,7,Quercus myrtifolia,2017,uninvaded,2017-06-22,2007,10,-81.982317,29.833612,F-1,Camp Blanding
blanding,blanding d1,QUNI,1,2017-06-21,NA,Quercus nigra,tree,Quercus,nigra,native,tree,1,Quercus nigra,2017,uninvaded,2017-06-20,2014,3,-81.998625,29.869196,D-1,Camp Blanding
blanding,blanding f1,QUNI,1,2017-06-21,NA,Quercus nigra,tree,Quercus,nigra,native,tree,1,Quercus nigra,2017,uninvaded,2017-06-22,2007,10,-81.982317,29.833612,F-1,Camp Blanding
blanding,blanding f1,RHCO,7,2017-06-21,NA,Rhus copallinum,shrub,Rhus,copallinum,native,shrub,4,Rhus copallinum,2017,uninvaded,2017-06-22,2007,10,-81.982317,29.833612,F-1,Camp Blanding
avonpark,avonpark a1,SERE,2,2017-06-27,NA,Serenoa repens,shrub/tree,Serenoa,repens,native,shrub/tree,1,Serenoa repens,2017,invaded,2017-06-27,2017,0,-81.309644,27.67576,A-1,Avon Park AFR
avonpark,avonpark c1,LYFE,3,2017-06-28,NA,Lyonia ferruginea,shrub,Lyonia,ferruginea,native,shrub,2,Lyonia ferruginea,2017,invaded,2017-06-28,2015,2,-81.325371,27.6764,C-1,Avon Park AFR
avonpark,avonpark c1,MOCE,3,2017-06-28,NA,Morella cerifera,shrub,Morella,cerifera,native,shrub,2,Morella cerifera,2017,invaded,2017-06-28,2015,2,-81.325371,27.6764,C-1,Avon Park AFR
avonpark,avonpark c1,SERE,6,2017-06-28,NA,Serenoa repens,shrub/tree,Serenoa,repens,native,shrub/tree,4,Serenoa repens,2017,invaded,2017-06-28,2015,2,-81.325371,27.6764,C-1,Avon Park AFR
avonpark,avonpark c1,shrub-forb 11:48,1,2017-06-28,NA,NA,NA,NA,NA,NA,NA,1,NA NA,2017,invaded,2017-06-28,2015,2,-81.325371,27.6764,C-1,Avon Park AFR
avonpark,avonpark b1,ILEX,5,2017-06-29,NA,Ilex spp.,shrub,Ilex,spp.,native/introduced,shrub,3,Ilex spp.,2017,invaded,2017-06-29,2016,1,-81.283521,27.67749,B-1,Avon Park AFR
avonpark,avonpark b1,SERE,42,2017-06-29,NA,Serenoa repens,shrub/tree,Serenoa,repens,native,shrub/tree,25,Serenoa repens,2017,invaded,2017-06-29,2016,1,-81.283521,27.67749,B-1,Avon Park AFR
avonpark,avonpark d1,PICL,4,2017-06-30,NA,Pinus clausa,tree,Pinus,clausa,native,tree,2,Pinus clausa,2017,uninvaded,2017-06-30,2014,3,-81.387992,27.711576,D-1,Avon Park AFR
avonpark,avonpark d1,QUGE,13,2017-06-30,NA,Quercus geminata,tree,Quercus,geminata,native,tree,8,Quercus geminata,2017,uninvaded,2017-06-30,2014,3,-81.387992,27.711576,D-1,Avon Park AFR
avonpark,avonpark d1,QUMY,18,2017-06-30,NA,Quercus myrtifolia,tree,Quercus,myrtifolia,native,tree,11,Quercus myrtifolia,2017,uninvaded,2017-06-30,2014,3,-81.387992,27.711576,D-1,Avon Park AFR
avonpark,avonpark d1,QUMY,3,2017-06-30,NA,Quercus myrtifolia,tree,Quercus,myrtifolia,native,tree,2,Quercus myrtifolia,2017,uninvaded,2017-06-30,2014,3,-81.387992,27.711576,D-1,Avon Park AFR
avonpark,avonpark d1,QUNI,4,2017-06-30,NA,Quercus nigra,tree,Quercus,nigra,native,tree,2,Quercus nigra,2017,uninvaded,2017-06-30,2014,3,-81.387992,27.711576,D-1,Avon Park AFR
avonpark,avonpark d1,SERE,14,2017-06-30,NA,Serenoa repens,shrub/tree,Serenoa,repens,native,shrub/tree,8,Serenoa repens,2017,uninvaded,2017-06-30,2014,3,-81.387992,27.711576,D-1,Avon Park AFR
tyndall,tyndall b1,NA,0,2017-07-18,placeholder zero for plot visit,Asteraceae 0,0,Asteraceae,0,0,0,0,Asteraceae 0,2017,invaded,2017-07-20,2017,0,-85.47658,29.998418,B-1,Tyndall AFB
tyndall,tyndall b2,SERE,2,2017-07-19,NA,Serenoa repens,shrub/tree,Serenoa,repens,native,shrub/tree,1,Serenoa repens,2017,uninvaded,2017-07-20,2017,0,-85.476082,30.000315,B-2,Tyndall AFB
tyndall,tyndall h1,HYPER,27,2017-07-20,NA,Hypericum spp.,forb,Hypericum,spp.,native,forb,16,Hypericum spp.,2017,uninvaded,2017-07-20,2011,6,-85.54086117406607,30.046909899289403,H-1,Tyndall AFB
tyndall,tyndall d1,ILGL,7,2017-07-20,NA,Ilex glabra,shrub,Ilex,glabra,native,shrub,4,Ilex glabra,2017,uninvaded,2017-07-20,2014,3,-85.550225,30.042322,D-1,Tyndall AFB
tyndall,tyndall h1,ILGL,1300,2017-07-20,NA,Ilex glabra,shrub,Ilex,glabra,native,shrub,1300,Ilex glabra,2017,uninvaded,2017-07-20,2011,6,-85.54086117406607,30.046909899289403,H-1,Tyndall AFB
tyndall,tyndall d1,MOCE,1,2017-07-20,NA,Morella cerifera,shrub,Morella,cerifera,native,shrub,1,Morella cerifera,2017,uninvaded,2017-07-20,2014,3,-85.550225,30.042322,D-1,Tyndall AFB
tyndall,tyndall d1,QUHE,1,2017-07-20,NA,Quercus hemisphaerica,tree,Quercus,hemisphaerica,native,tree,1,Quercus hemisphaerica,2017,uninvaded,2017-07-20,2014,3,-85.550225,30.042322,D-1,Tyndall AFB
tyndall,tyndall d1,QUERC,4,2017-07-20,NA,Quercus spp.,tree/shrub,Quercus,spp.,native/introduced,tree/shrub,2,Quercus spp.,2017,uninvaded,2017-07-20,2014,3,-85.550225,30.042322,D-1,Tyndall AFB
tyndall,tyndall d1,SERE,16,2017-07-20,NA,Serenoa repens,shrub/tree,Serenoa,repens,native,shrub/tree,10,Serenoa repens,2017,uninvaded,2017-07-20,2014,3,-85.550225,30.042322,D-1,Tyndall AFB
tyndall,tyndall h1,SERE,5,2017-07-20,NA,Serenoa repens,shrub/tree,Serenoa,repens,native,shrub/tree,3,Serenoa repens,2017,uninvaded,2017-07-20,2011,6,-85.54086117406607,30.046909899289403,H-1,Tyndall AFB
tyndall,tyndall h1,skinny leaf,38,2017-07-20,NA,NA,NA,NA,NA,NA,NA,23,NA NA,2017,uninvaded,2017-07-20,2011,6,-85.54086117406607,30.046909899289403,H-1,Tyndall AFB
eglin,eglin h1,CHFA,6,2017-08-16,"idk what SF is - SC 8/30, changed to woody goldenrod",Chamaecrista fasciculata,forb,Chamaecrista,fasciculata,native,forb,4,Chamaecrista fasciculata,2017,uninvaded,2017-08-16,2008,9,-86.480089,30.571814,H-1,Eglin AFB
eglin,eglin h1,CRATA,19,2017-08-16,NA,Crataegus spp.,shrub,Crataegus,spp.,native/introduced,shrub,11,Crataegus spp.,2017,uninvaded,2017-08-16,2008,9,-86.480089,30.571814,H-1,Eglin AFB
eglin,eglin h1,PIPA,6,2017-08-16,NA,Pinus palustris,tree,Pinus,palustris,native,tree,4,Pinus palustris,2017,uninvaded,2017-08-16,2008,9,-86.480089,30.571814,H-1,Eglin AFB
eglin,eglin h1,QUGE,1,2017-08-16,NA,Quercus geminata,tree,Quercus,geminata,native,tree,1,Quercus geminata,2017,uninvaded,2017-08-16,2008,9,-86.480089,30.571814,H-1,Eglin AFB
eglin,eglin h1,QULA,9,2017-08-16,NA,Quercus laevis,tree,Quercus,laevis,native,tree,5,Quercus laevis,2017,uninvaded,2017-08-16,2008,9,-86.480089,30.571814,H-1,Eglin AFB
eglin,eglin h1,QUNI,1,2017-08-16,NA,Quercus nigra,tree,Quercus,nigra,native,tree,1,Quercus nigra,2017,uninvaded,2017-08-16,2008,9,-86.480089,30.571814,H-1,Eglin AFB
eglin,eglin h1,QUERC,9,2017-08-16,chapman?,Quercus spp.,tree/shrub,Quercus,spp.,native/introduced,tree/shrub,5,Quercus spp.,2017,uninvaded,2017-08-16,2008,9,-86.480089,30.571814,H-1,Eglin AFB
eglin,eglin h1,SERE,1,2017-08-16,NA,Serenoa repens,shrub/tree,Serenoa,repens,native,shrub/tree,1,Serenoa repens,2017,uninvaded,2017-08-16,2008,9,-86.480089,30.571814,H-1,Eglin AFB
eglin,eglin d1,DIVI,4,2017-08-17,NA,Diospyros virginiana,tree,Diospyros,virginiana,native,tree,2,Diospyros virginiana,2017,uninvaded,2017-08-17,2014,3,-86.510521,30.596483,D-1,Eglin AFB
eglin,eglin d1,QULA,2,2017-08-17,NA,Quercus laevis,tree,Quercus,laevis,native,tree,1,Quercus laevis,2017,uninvaded,2017-08-17,2014,3,-86.510521,30.596483,D-1,Eglin AFB
eglin,eglin d1,SERE,8,2017-08-17,NA,Serenoa repens,shrub/tree,Serenoa,repens,native,shrub/tree,5,Serenoa repens,2017,uninvaded,2017-08-17,2014,3,-86.510521,30.596483,D-1,Eglin AFB
eglin,eglin p1,CHFA,5,2017-08-18,"idk what SF is - SC 8/30, changed to woody goldenrod",Chamaecrista fasciculata,forb,Chamaecrista,fasciculata,native,forb,3,Chamaecrista fasciculata,2017,uninvaded,2017-08-19,2010,7,-86.275308,30.734897,P-1,Eglin AFB
eglin,eglin p1,DIVI,6,2017-08-18,NA,Diospyros virginiana,tree,Diospyros,virginiana,native,tree,4,Diospyros virginiana,2017,uninvaded,2017-08-19,2010,7,-86.275308,30.734897,P-1,Eglin AFB
eglin,eglin p1,PIPA,4,2017-08-18,NA,Pinus palustris,tree,Pinus,palustris,native,tree,2,Pinus palustris,2017,uninvaded,2017-08-19,2010,7,-86.275308,30.734897,P-1,Eglin AFB
eglin,eglin p1,QUIN,1,2017-08-18,NA,Quercus incana,tree,Quercus,incana,native,tree,1,Quercus incana,2017,uninvaded,2017-08-19,2010,7,-86.275308,30.734897,P-1,Eglin AFB
eglin,eglin p1,QULA,2,2017-08-18,NA,Quercus laevis,tree,Quercus,laevis,native,tree,1,Quercus laevis,2017,uninvaded,2017-08-19,2010,7,-86.275308,30.734897,P-1,Eglin AFB
eglin,eglin p1,QULA,1,2017-08-18,NA,Quercus laevis,tree,Quercus,laevis,native,tree,1,Quercus laevis,2017,uninvaded,2017-08-19,2010,7,-86.275308,30.734897,P-1,Eglin AFB
eglin,eglin p1,alt shrub 2,1,2017-08-18,NA,NA,NA,NA,NA,NA,NA,1,NA NA,2017,uninvaded,2017-08-19,2010,7,-86.275308,30.734897,P-1,Eglin AFB
eglin,eglin b1,CHFA,1,2017-08-19,"idk what SF is - SC 8/30, changed to woody goldenrod",Chamaecrista fasciculata,forb,Chamaecrista,fasciculata,native,forb,1,Chamaecrista fasciculata,2017,uninvaded,2017-08-19,2016,1,-86.253158,30.73214,B-1,Eglin AFB
eglin,eglin b1,CRATA,3,2017-08-19,NA,Crataegus spp.,shrub,Crataegus,spp.,native/introduced,shrub,2,Crataegus spp.,2017,uninvaded,2017-08-19,2016,1,-86.253158,30.73214,B-1,Eglin AFB
eglin,eglin b1,DIVI,1,2017-08-19,NA,Diospyros virginiana,tree,Diospyros,virginiana,native,tree,1,Diospyros virginiana,2017,uninvaded,2017-08-19,2016,1,-86.253158,30.73214,B-1,Eglin AFB
eglin,eglin b1,PIPA,1,2017-08-19,NA,Pinus palustris,tree,Pinus,palustris,native,tree,1,Pinus palustris,2017,uninvaded,2017-08-19,2016,1,-86.253158,30.73214,B-1,Eglin AFB
eglin,eglin b1,RHCO,1,2017-08-19,NA,Rhus copallinum,shrub,Rhus,copallinum,native,shrub,1,Rhus copallinum,2017,uninvaded,2017-08-19,2016,1,-86.253158,30.73214,B-1,Eglin AFB
moody,moody a1,CAAM,10,2017-08-29,NA,Callicarpa americana,shrub,Callicarpa,americana,native,shrub,6,Callicarpa americana,2017,uninvaded,2017-08-30,2017,0,-83.179208,30.98314,A-1,Moody AFB
moody,moody a1,CRSP2,2,2017-08-29,NA,Crotalaria spectabilis,forb,Crotalaria,spectabilis,invasive,forb,1,Crotalaria spectabilis,2017,uninvaded,2017-08-30,2017,0,-83.179208,30.98314,A-1,Moody AFB
moody,moody b1,ILGL,18,2017-08-29,NA,Ilex glabra,shrub,Ilex,glabra,native,shrub,11,Ilex glabra,2017,uninvaded,2017-08-29,2016,1,-83.1753,30.984401,B-1,Moody AFB
moody,moody a1,LIST,2,2017-08-29,NA,Liquidambar styraciflua,tree,Liquidambar,styraciflua,native,tree,1,Liquidambar styraciflua,2017,uninvaded,2017-08-30,2017,0,-83.179208,30.98314,A-1,Moody AFB
moody,moody a1,MAGNO,1,2017-08-29,NA,Magnolia spp.,shrub/tree,Magnolia,spp.,native/introduced,shrub/tree,1,Magnolia spp.,2017,uninvaded,2017-08-30,2017,0,-83.179208,30.98314,A-1,Moody AFB
moody,moody a1,MOCE,2,2017-08-29,NA,Morella cerifera,shrub,Morella,cerifera,native,shrub,1,Morella cerifera,2017,uninvaded,2017-08-30,2017,0,-83.179208,30.98314,A-1,Moody AFB
moody,moody b1,MOCE,1,2017-08-29,NA,Morella cerifera,shrub,Morella,cerifera,native,shrub,1,Morella cerifera,2017,uninvaded,2017-08-29,2016,1,-83.1753,30.984401,B-1,Moody AFB
moody,moody b1,QUNI,23,2017-08-29,NA,Quercus nigra,tree,Quercus,nigra,native,tree,14,Quercus nigra,2017,uninvaded,2017-08-29,2016,1,-83.1753,30.984401,B-1,Moody AFB
moody,moody a1,QUST,1,2017-08-29,NA,Quercus stellata,tree,Quercus,stellata,native,tree,1,Quercus stellata,2017,uninvaded,2017-08-30,2017,0,-83.179208,30.98314,A-1,Moody AFB
moody,moody a1,QUST,1,2017-08-29,NA,Quercus stellata,tree,Quercus,stellata,native,tree,1,Quercus stellata,2017,uninvaded,2017-08-30,2017,0,-83.179208,30.98314,A-1,Moody AFB
moody,moody a1,RHAR,1,2017-08-29,NA,Rhus  aromatica,shrub,Rhus,aromatica,native,shrub,1,Rhus aromatica,2017,uninvaded,2017-08-30,2017,0,-83.179208,30.98314,A-1,Moody AFB
moody,moody a1,unknown,1,2017-08-29,NA,NA,NA,NA,NA,NA,NA,1,NA NA,2017,uninvaded,2017-08-30,2017,0,-83.179208,30.98314,A-1,Moody AFB
moody,moody k1,MENTH,1,2017-08-31,NA,Mentha  spp.,forb,Mentha,spp.,native/introduced,forb,1,Mentha spp.,2017,uninvaded,2017-08-30,2006,11,-83.183563,30.950761,K-1,Moody AFB
moody,moody k1,QUNI,1,2017-08-31,NA,Quercus nigra,tree,Quercus,nigra,native,tree,1,Quercus nigra,2017,uninvaded,2017-08-30,2006,11,-83.183563,30.950761,K-1,Moody AFB
shelby,shelby b1,ACRU,5,2017-09-21,NA,Acer  rubrum,tree,Acer,rubrum,native,tree,3,Acer rubrum,2017,invaded,2017-09-22,2010,7,-89.055373,31.123623,B-1,Camp Shelby
shelby,shelby b1,BACCH,7,2017-09-21,NA,Baccharis spp.,forb,Baccharis,spp.,native,forb,4,Baccharis spp.,2017,invaded,2017-09-22,2010,7,-89.055373,31.123623,B-1,Camp Shelby
shelby,shelby b1,CAAM,43,2017-09-21,NA,Callicarpa americana,shrub,Callicarpa,americana,native,shrub,26,Callicarpa americana,2017,invaded,2017-09-22,2010,7,-89.055373,31.123623,B-1,Camp Shelby
shelby,shelby f1,CAAM,10,2017-09-21,NA,Callicarpa americana,shrub,Callicarpa,americana,native,shrub,6,Callicarpa americana,2017,invaded,2017-09-21,2012,5,-89.014919,31.099479,F-1,Camp Shelby
shelby,shelby b1,CAPU2,4,2017-09-21,chinquapin,Castanea pumila,shrub,Castanea,pumila,native,shrub,2,Castanea pumila,2017,invaded,2017-09-22,2010,7,-89.055373,31.123623,B-1,Camp Shelby
shelby,shelby b1,ILGL,6,2017-09-21,NA,Ilex glabra,shrub,Ilex,glabra,native,shrub,4,Ilex glabra,2017,invaded,2017-09-22,2010,7,-89.055373,31.123623,B-1,Camp Shelby
shelby,shelby f1,ILGL,20,2017-09-21,NA,Ilex glabra,shrub,Ilex,glabra,native,shrub,12,Ilex glabra,2017,invaded,2017-09-21,2012,5,-89.014919,31.099479,F-1,Camp Shelby
shelby,shelby b1,ILVO,3,2017-09-21,NA,Ilex vomitoria,shrub,Ilex,vomitoria,native,shrub,2,Ilex vomitoria,2017,invaded,2017-09-22,2010,7,-89.055373,31.123623,B-1,Camp Shelby
shelby,shelby f1,ILVO,41,2017-09-21,NA,Ilex vomitoria,shrub,Ilex,vomitoria,native,shrub,25,Ilex vomitoria,2017,invaded,2017-09-21,2012,5,-89.014919,31.099479,F-1,Camp Shelby
shelby,shelby f1,ILOP,1,2017-09-21,NA,Ilex  opaca,shrub,Ilex,opaca,native,shrub,1,Ilex opaca,2017,invaded,2017-09-21,2012,5,-89.014919,31.099479,F-1,Camp Shelby
shelby,shelby b1,LIST,21,2017-09-21,NA,Liquidambar styraciflua,tree,Liquidambar,styraciflua,native,tree,13,Liquidambar styraciflua,2017,invaded,2017-09-22,2010,7,-89.055373,31.123623,B-1,Camp Shelby
shelby,shelby b1,MAVI,3,2017-09-21,NA,Magnolia virginiana,tree,Magnolia,virginiana,native,tree,2,Magnolia virginiana,2017,invaded,2017-09-22,2010,7,-89.055373,31.123623,B-1,Camp Shelby
shelby,shelby f1,MAVI,24,2017-09-21,NA,Magnolia virginiana,tree,Magnolia,virginiana,native,tree,14,Magnolia virginiana,2017,invaded,2017-09-21,2012,5,-89.014919,31.099479,F-1,Camp Shelby
shelby,shelby b1,MOCE,7,2017-09-21,NA,Morella cerifera,shrub,Morella,cerifera,native,shrub,4,Morella cerifera,2017,invaded,2017-09-22,2010,7,-89.055373,31.123623,B-1,Camp Shelby
shelby,shelby f1,MOCE,5,2017-09-21,NA,Morella cerifera,shrub,Morella,cerifera,native,shrub,3,Morella cerifera,2017,invaded,2017-09-21,2012,5,-89.014919,31.099479,F-1,Camp Shelby
shelby,shelby b1,NYSY,2,2017-09-21,NA,Nyssa sylvatica,tree,Nyssa,sylvatica,native,tree,1,Nyssa sylvatica,2017,invaded,2017-09-22,2010,7,-89.055373,31.123623,B-1,Camp Shelby
shelby,shelby f1,PITA,37,2017-09-21,NA,Pinus taeda,tree,Pinus,taeda,native,tree,22,Pinus taeda,2017,invaded,2017-09-21,2012,5,-89.014919,31.099479,F-1,Camp Shelby
shelby,shelby b1,QUNI,9,2017-09-21,NA,Quercus nigra,tree,Quercus,nigra,native,tree,5,Quercus nigra,2017,invaded,2017-09-22,2010,7,-89.055373,31.123623,B-1,Camp Shelby
shelby,shelby f1,QUNI,19,2017-09-21,NA,Quercus nigra,tree,Quercus,nigra,native,tree,11,Quercus nigra,2017,invaded,2017-09-21,2012,5,-89.014919,31.099479,F-1,Camp Shelby
shelby,shelby b1,QUST,3,2017-09-21,NA,Quercus stellata,tree,Quercus,stellata,native,tree,2,Quercus stellata,2017,invaded,2017-09-22,2010,7,-89.055373,31.123623,B-1,Camp Shelby
shelby,shelby b1,RHCO,8,2017-09-21,NA,Rhus copallinum,shrub,Rhus,copallinum,native,shrub,5,Rhus copallinum,2017,invaded,2017-09-22,2010,7,-89.055373,31.123623,B-1,Camp Shelby
shelby,shelby f1,RHCO,15,2017-09-21,NA,Rhus copallinum,shrub,Rhus,copallinum,native,shrub,9,Rhus copallinum,2017,invaded,2017-09-21,2012,5,-89.014919,31.099479,F-1,Camp Shelby
shelby,shelby b1,RUBUS,1,2017-09-21,NA,Rubus spp.,forb/shrub,Rubus,spp.,native/introduced,forb/shrub,1,Rubus spp.,2017,invaded,2017-09-22,2010,7,-89.055373,31.123623,B-1,Camp Shelby
shelby,shelby b1,VACCI,2,2017-09-21,NA,Vaccinium spp.,shrub,Vaccinium,spp.,native,shrub,1,Vaccinium spp.,2017,invaded,2017-09-22,2010,7,-89.055373,31.123623,B-1,Camp Shelby
shelby,shelby f1,VACCI,19,2017-09-21,NA,Vaccinium spp.,shrub,Vaccinium,spp.,native,shrub,11,Vaccinium spp.,2017,invaded,2017-09-21,2012,5,-89.014919,31.099479,F-1,Camp Shelby
shelby,shelby d1,ACRU,5,2017-09-23,NA,Acer  rubrum,tree,Acer,rubrum,native,tree,3,Acer rubrum,2017,invaded,2017-09-23,2014,3,-89.111628,31.172392,D-1,Camp Shelby
shelby,shelby d1,DIVI,2,2017-09-23,NA,Diospyros virginiana,tree,Diospyros,virginiana,native,tree,1,Diospyros virginiana,2017,invaded,2017-09-23,2014,3,-89.111628,31.172392,D-1,Camp Shelby
shelby,shelby d1,ILGL,122,2017-09-23,NA,Ilex glabra,shrub,Ilex,glabra,native,shrub,73,Ilex glabra,2017,invaded,2017-09-23,2014,3,-89.111628,31.172392,D-1,Camp Shelby
shelby,shelby d1,ILVO,9,2017-09-23,NA,Ilex vomitoria,shrub,Ilex,vomitoria,native,shrub,5,Ilex vomitoria,2017,invaded,2017-09-23,2014,3,-89.111628,31.172392,D-1,Camp Shelby
shelby,shelby d1,MOCE,3,2017-09-23,NA,Morella cerifera,shrub,Morella,cerifera,native,shrub,2,Morella cerifera,2017,invaded,2017-09-23,2014,3,-89.111628,31.172392,D-1,Camp Shelby
shelby,shelby d1,QUNI,15,2017-09-23,NA,Quercus nigra,tree,Quercus,nigra,native,tree,9,Quercus nigra,2017,invaded,2017-09-23,2014,3,-89.111628,31.172392,D-1,Camp Shelby
shelby,shelby d1,SAAL5,1,2017-09-23,NA,Sassafras albidum,shrub,Sassafras,albidum,native,shrub,1,Sassafras albidum,2017,invaded,2017-09-23,2014,3,-89.111628,31.172392,D-1,Camp Shelby
shelby,shelby d1,VACCI,6,2017-09-23,changed to vaccinium from red speckle,Vaccinium spp.,shrub,Vaccinium,spp.,native,shrub,4,Vaccinium spp.,2017,invaded,2017-09-23,2014,3,-89.111628,31.172392,D-1,Camp Shelby
shelby,shelby b2,CAAM,19,2017-09-24,NA,Callicarpa americana,shrub,Callicarpa,americana,native,shrub,11,Callicarpa americana,2017,uninvaded,2017-09-24,2016,1,-89.048217,31.11502,B-2,Camp Shelby
shelby,shelby b3,CAAM,64,2017-09-24,NA,Callicarpa americana,shrub,Callicarpa,americana,native,shrub,38,Callicarpa americana,2017,invaded,2017-09-24,2016,1,-89.048707,31.114496,B-3,Camp Shelby
shelby,shelby g1,DIVI,5,2017-09-24,NA,Diospyros virginiana,tree,Diospyros,virginiana,native,tree,3,Diospyros virginiana,2017,uninvaded,2017-09-25,2011,6,-89.065989,31.148769,G-1,Camp Shelby
shelby,shelby b3,EUCA5,27,2017-09-24,NA,Eupatorium capillofolium,forb,Eupatorium,capillofolium,native,forb,16,Eupatorium capillofolium,2017,invaded,2017-09-24,2016,1,-89.048707,31.114496,B-3,Camp Shelby
shelby,shelby b2,ILGL,134,2017-09-24,NA,Ilex glabra,shrub,Ilex,glabra,native,shrub,80,Ilex glabra,2017,uninvaded,2017-09-24,2016,1,-89.048217,31.11502,B-2,Camp Shelby
shelby,shelby b3,ILGL,8,2017-09-24,NA,Ilex glabra,shrub,Ilex,glabra,native,shrub,5,Ilex glabra,2017,invaded,2017-09-24,2016,1,-89.048707,31.114496,B-3,Camp Shelby
shelby,shelby g1,ILGL,131,2017-09-24,NA,Ilex glabra,shrub,Ilex,glabra,native,shrub,78,Ilex glabra,2017,uninvaded,2017-09-25,2011,6,-89.065989,31.148769,G-1,Camp Shelby
shelby,shelby b3,ILVO,2,2017-09-24,NA,Ilex vomitoria,shrub,Ilex,vomitoria,native,shrub,1,Ilex vomitoria,2017,invaded,2017-09-24,2016,1,-89.048707,31.114496,B-3,Camp Shelby
shelby,shelby g1,ILVO,51,2017-09-24,NA,Ilex vomitoria,shrub,Ilex,vomitoria,native,shrub,31,Ilex vomitoria,2017,uninvaded,2017-09-25,2011,6,-89.065989,31.148769,G-1,Camp Shelby
shelby,shelby b2,LEBI,1,2017-09-24,NA,Lespedeza bicolor Turcz.,forb/shrub,Lespedeza,bicolor Turcz.,invasive,forb/shrub,1,Lespedeza bicolor Turcz.,2017,uninvaded,2017-09-24,2016,1,-89.048217,31.11502,B-2,Camp Shelby
shelby,shelby b3,LEBI,7,2017-09-24,NA,Lespedeza bicolor Turcz.,forb/shrub,Lespedeza,bicolor Turcz.,invasive,forb/shrub,4,Lespedeza bicolor Turcz.,2017,invaded,2017-09-24,2016,1,-89.048707,31.114496,B-3,Camp Shelby
shelby,shelby g1,LIST,8,2017-09-24,NA,Liquidambar styraciflua,tree,Liquidambar,styraciflua,native,tree,5,Liquidambar styraciflua,2017,uninvaded,2017-09-25,2011,6,-89.065989,31.148769,G-1,Camp Shelby
shelby,shelby g1,MAGNO,14,2017-09-24,NA,Magnolia spp.,shrub/tree,Magnolia,spp.,native/introduced,shrub/tree,8,Magnolia spp.,2017,uninvaded,2017-09-25,2011,6,-89.065989,31.148769,G-1,Camp Shelby
shelby,shelby b2,MAVI,31,2017-09-24,NA,Magnolia virginiana,tree,Magnolia,virginiana,native,tree,19,Magnolia virginiana,2017,uninvaded,2017-09-24,2016,1,-89.048217,31.11502,B-2,Camp Shelby
shelby,shelby b3,MOCE,7,2017-09-24,NA,Morella cerifera,shrub,Morella,cerifera,native,shrub,4,Morella cerifera,2017,invaded,2017-09-24,2016,1,-89.048707,31.114496,B-3,Camp Shelby
shelby,shelby g1,MOCE,5,2017-09-24,NA,Morella cerifera,shrub,Morella,cerifera,native,shrub,3,Morella cerifera,2017,uninvaded,2017-09-25,2011,6,-89.065989,31.148769,G-1,Camp Shelby
shelby,shelby b3,PIPA,2,2017-09-24,NA,Pinus palustris,tree,Pinus,palustris,native,tree,1,Pinus palustris,2017,invaded,2017-09-24,2016,1,-89.048707,31.114496,B-3,Camp Shelby
shelby,shelby g1,PIPA,2,2017-09-24,NA,Pinus palustris,tree,Pinus,palustris,native,tree,1,Pinus palustris,2017,uninvaded,2017-09-25,2011,6,-89.065989,31.148769,G-1,Camp Shelby
shelby,shelby b2,QUIN,4,2017-09-24,NA,Quercus incana,tree,Quercus,incana,native,tree,2,Quercus incana,2017,uninvaded,2017-09-24,2016,1,-89.048217,31.11502,B-2,Camp Shelby
shelby,shelby b3,QUIN,2,2017-09-24,NA,Quercus incana,tree,Quercus,incana,native,tree,1,Quercus incana,2017,invaded,2017-09-24,2016,1,-89.048707,31.114496,B-3,Camp Shelby
shelby,shelby g1,QUIN,10,2017-09-24,NA,Quercus incana,tree,Quercus,incana,native,tree,6,Quercus incana,2017,uninvaded,2017-09-25,2011,6,-89.065989,31.148769,G-1,Camp Shelby
shelby,shelby b2,QUNI,24,2017-09-24,NA,Quercus nigra,tree,Quercus,nigra,native,tree,14,Quercus nigra,2017,uninvaded,2017-09-24,2016,1,-89.048217,31.11502,B-2,Camp Shelby
shelby,shelby b3,QUNI,4,2017-09-24,NA,Quercus nigra,tree,Quercus,nigra,native,tree,2,Quercus nigra,2017,invaded,2017-09-24,2016,1,-89.048707,31.114496,B-3,Camp Shelby
shelby,shelby g1,QUNI,31,2017-09-24,NA,Quercus nigra,tree,Quercus,nigra,native,tree,19,Quercus nigra,2017,uninvaded,2017-09-25,2011,6,-89.065989,31.148769,G-1,Camp Shelby
shelby,shelby b3,QUST,7,2017-09-24,NA,Quercus stellata,tree,Quercus,stellata,native,tree,4,Quercus stellata,2017,invaded,2017-09-24,2016,1,-89.048707,31.114496,B-3,Camp Shelby
shelby,shelby b2,RHCO,5,2017-09-24,NA,Rhus copallinum,shrub,Rhus,copallinum,native,shrub,3,Rhus copallinum,2017,uninvaded,2017-09-24,2016,1,-89.048217,31.11502,B-2,Camp Shelby
shelby,shelby g1,RHCO,10,2017-09-24,NA,Rhus copallinum,shrub,Rhus,copallinum,native,shrub,6,Rhus copallinum,2017,uninvaded,2017-09-25,2011,6,-89.065989,31.148769,G-1,Camp Shelby
shelby,shelby g1,VACCI,8,2017-09-24,NA,Vaccinium spp.,shrub,Vaccinium,spp.,native,shrub,5,Vaccinium spp.,2017,uninvaded,2017-09-25,2011,6,-89.065989,31.148769,G-1,Camp Shelby
blanding,blanding m1,ASIMI,2,2018-05-15,NA,Asimina spp.,shrub,Asimina,spp.,native/introduced,shrub,2,Asimina spp.,2018,uninvaded,2018-05-15,2007,11,-81.968503,29.84575,M-1,Camp Blanding
blanding,blanding m1,DIVI,16,2018-05-15,NA,Diospyros virginiana,tree,Diospyros,virginiana,native,tree,16,Diospyros virginiana,2018,uninvaded,2018-05-15,2007,11,-81.968503,29.84575,M-1,Camp Blanding
blanding,blanding m1,PIPA,1,2018-05-15,NA,Pinus palustris,tree,Pinus,palustris,native,tree,1,Pinus palustris,2018,uninvaded,2018-05-15,2007,11,-81.968503,29.84575,M-1,Camp Blanding
blanding,blanding i1,QUIN,2,2018-05-15,NA,Quercus incana,tree,Quercus,incana,native,tree,2,Quercus incana,2018,uninvaded,2018-05-25,2014,4,-82.032726,29.863529,I-1,Camp Blanding
blanding,blanding m1,QUNI,2,2018-05-15,NA,Quercus nigra,tree,Quercus,nigra,native,tree,2,Quercus nigra,2018,uninvaded,2018-05-15,2007,11,-81.968503,29.84575,M-1,Camp Blanding
blanding,blanding i1,SERE,1,2018-05-15,NA,Serenoa repens,shrub/tree,Serenoa,repens,native,shrub/tree,1,Serenoa repens,2018,uninvaded,2018-05-25,2014,4,-82.032726,29.863529,I-1,Camp Blanding
blanding,blanding c1,ASTR,2,2018-05-16,corrected arst wiregrass to ASTR pawpaw,Asimina triloba,tree,Asimina,triloba,native,tree,2,Asimina triloba,2018,uninvaded,2018-05-16,2017,1,-81.997211,29.826576,C-1,Camp Blanding
blanding,blanding theater_cogon,NA,0,2018-05-16,placeholder zero for plot visit,Asteraceae 0,0,Asteraceae,0,0,0,0,Asteraceae 0,2018,invaded,2018-05-16,NA,NA,NA,NA,NA,NA
blanding,blanding k1,QUNI,2,2018-05-22,NA,Quercus nigra,tree,Quercus,nigra,native,tree,2,Quercus nigra,2018,uninvaded,2018-05-22,2015,3,-82.023445,29.837378,K-1,Camp Blanding
blanding,blanding n1,ASIMI,6,2018-05-24,NA,Asimina spp.,shrub,Asimina,spp.,native/introduced,shrub,6,Asimina spp.,2018,uninvaded,2018-05-24,2013,5,-81.977192,29.83789,N-1,Camp Blanding
blanding,blanding n1,DIVI,1,2018-05-24,NA,Diospyros virginiana,tree,Diospyros,virginiana,native,tree,1,Diospyros virginiana,2018,uninvaded,2018-05-24,2013,5,-81.977192,29.83789,N-1,Camp Blanding
blanding,blanding n1,QULA,1,2018-05-24,NA,Quercus laevis,tree,Quercus,laevis,native,tree,1,Quercus laevis,2018,uninvaded,2018-05-24,2013,5,-81.977192,29.83789,N-1,Camp Blanding
blanding,blanding n1,QUNI,5,2018-05-24,NA,Quercus nigra,tree,Quercus,nigra,native,tree,5,Quercus nigra,2018,uninvaded,2018-05-24,2013,5,-81.977192,29.83789,N-1,Camp Blanding
blanding,blanding n1,RHCO,1,2018-05-24,NA,Rhus copallinum,shrub,Rhus,copallinum,native,shrub,1,Rhus copallinum,2018,uninvaded,2018-05-24,2013,5,-81.977192,29.83789,N-1,Camp Blanding
blanding,blanding i1,QUGE,1,2018-05-25,NA,Quercus geminata,tree,Quercus,geminata,native,tree,1,Quercus geminata,2018,uninvaded,2018-05-25,2014,4,-82.032726,29.863529,I-1,Camp Blanding
blanding,blanding j1,QUGE,3,2018-05-25,NA,Quercus geminata,tree,Quercus,geminata,native,tree,3,Quercus geminata,2018,uninvaded,2018-05-25,2016,2,-82.026049,29.852464,J-1,Camp Blanding
blanding,blanding j1,QUMY,1,2018-05-25,NA,Quercus myrtifolia,tree,Quercus,myrtifolia,native,tree,1,Quercus myrtifolia,2018,uninvaded,2018-05-25,2016,2,-82.026049,29.852464,J-1,Camp Blanding
blanding,blanding i1,QUNI,3,2018-05-25,NA,Quercus nigra,tree,Quercus,nigra,native,tree,3,Quercus nigra,2018,uninvaded,2018-05-25,2014,4,-82.032726,29.863529,I-1,Camp Blanding
avonpark,avonpark e2,RHCO,1,2018-05-29,NA,Rhus copallinum,shrub,Rhus,copallinum,native,shrub,1,Rhus copallinum,2018,invaded,2018-05-29,2017,1,-81.245362,27.630246,E-2,Avon Park AFR
avonpark,avonpark e2,SERE,2,2018-05-29,NA,Serenoa repens,shrub/tree,Serenoa,repens,native,shrub/tree,2,Serenoa repens,2018,invaded,2018-05-29,2017,1,-81.245362,27.630246,E-2,Avon Park AFR
avonpark,avonpark e1,NA,0,2018-05-29,placeholder zero for plot visit,Asteraceae 0,0,Asteraceae,0,0,0,0,Asteraceae 0,2018,uninvaded,2018-05-29,2017,1,-81.283291,27.587665,E-1,Avon Park AFR
avonpark,avonpark a1,ASIMI,1,2018-05-30,NA,Asimina spp.,shrub,Asimina,spp.,native/introduced,shrub,1,Asimina spp.,2018,invaded,2018-05-30,2017,1,-81.309644,27.67576,A-1,Avon Park AFR
avonpark,avonpark a2,ILGL,1,2018-05-30,NA,Ilex glabra,shrub,Ilex,glabra,native,shrub,1,Ilex glabra,2018,uninvaded,2018-05-30,2017,1,-81.311222,27.674646,A-2,Avon Park AFR
avonpark,avonpark a1,SERE,6,2018-05-30,NA,Serenoa repens,shrub/tree,Serenoa,repens,native,shrub/tree,6,Serenoa repens,2018,invaded,2018-05-30,2017,1,-81.309644,27.67576,A-1,Avon Park AFR
avonpark,avonpark a2,SERE,10,2018-05-30,NA,Serenoa repens,shrub/tree,Serenoa,repens,native,shrub/tree,10,Serenoa repens,2018,uninvaded,2018-05-30,2017,1,-81.311222,27.674646,A-2,Avon Park AFR
avonpark,avonpark g1,ILGL,43,2018-05-31,NA,Ilex glabra,shrub,Ilex,glabra,native,shrub,43,Ilex glabra,2018,uninvaded,2018-05-31,2013,5,-81.273215,27.544825,G-1,Avon Park AFR
avonpark,avonpark c2,MOCE,9,2018-05-31,NA,Morella cerifera,shrub,Morella,cerifera,native,shrub,9,Morella cerifera,2018,uninvaded,2018-05-31,2015,3,-81.327873,27.674898,C-2,Avon Park AFR
avonpark,avonpark c2,PIPA,1,2018-05-31,NA,Pinus palustris,tree,Pinus,palustris,native,tree,1,Pinus palustris,2018,uninvaded,2018-05-31,2015,3,-81.327873,27.674898,C-2,Avon Park AFR
avonpark,avonpark c2,SERE,41,2018-05-31,NA,Serenoa repens,shrub/tree,Serenoa,repens,native,shrub/tree,41,Serenoa repens,2018,uninvaded,2018-05-31,2015,3,-81.327873,27.674898,C-2,Avon Park AFR
avonpark,avonpark f1,SERE,1,2018-05-31,NA,Serenoa repens,shrub/tree,Serenoa,repens,native,shrub/tree,1,Serenoa repens,2018,uninvaded,2018-05-31,2018,0,-81.292512,27.615926,F-1,Avon Park AFR
avonpark,avonpark c1,SERE,10,2018-05-31,NA,Serenoa repens,shrub/tree,Serenoa,repens,native,shrub/tree,10,Serenoa repens,2018,invaded,2018-05-31,2015,3,-81.325371,27.6764,C-1,Avon Park AFR
avonpark,avonpark i1,ILGL,39,2018-06-01,NA,Ilex glabra,shrub,Ilex,glabra,native,shrub,39,Ilex glabra,2018,uninvaded,2018-06-01,2012,6,-81.371559,27.735014,I-1,Avon Park AFR
avonpark,avonpark h1,SERE,3,2018-06-01,NA,Serenoa repens,shrub/tree,Serenoa,repens,native,shrub/tree,3,Serenoa repens,2018,uninvaded,2018-06-01,2017,1,-81.390801,27.731963,H-1,Avon Park AFR
avonpark,avonpark i1,SERE,9,2018-06-01,NA,Serenoa repens,shrub/tree,Serenoa,repens,native,shrub/tree,9,Serenoa repens,2018,uninvaded,2018-06-01,2012,6,-81.371559,27.735014,I-1,Avon Park AFR
eglin,eglin g1,CAAM,4,2018-06-11,NA,Callicarpa americana,shrub,Callicarpa,americana,native,shrub,4,Callicarpa americana,2018,uninvaded,2018-06-11,2011,7,-86.48356,30.562187,G-1,Eglin AFB
eglin,eglin g1,CRAR2,22,2018-06-11,NA,Croton argyranthemus,forb,Croton,argyranthemus,native,forb,22,Croton argyranthemus,2018,uninvaded,2018-06-11,2011,7,-86.48356,30.562187,G-1,Eglin AFB
eglin,eglin g1,ILVO,1,2018-06-11,NA,Ilex vomitoria,shrub,Ilex,vomitoria,native,shrub,1,Ilex vomitoria,2018,uninvaded,2018-06-11,2011,7,-86.48356,30.562187,G-1,Eglin AFB
eglin,eglin e1,PICL,2,2018-06-11,NA,Pinus clausa,tree,Pinus,clausa,native,tree,2,Pinus clausa,2018,uninvaded,2018-06-12,2018,0,-86.281877,30.68349,E-1,Eglin AFB
eglin,eglin a1,PIPA,1,2018-06-11,NA,Pinus palustris,tree,Pinus,palustris,native,tree,1,Pinus palustris,2018,uninvaded,2018-06-11,2017,1,-86.507376,30.590218,A-1,Eglin AFB
eglin,eglin g1,QUAL,5,2018-06-11,NA,Quercus alba,tree,Quercus,alba,native,tree,5,Quercus alba,2018,uninvaded,2018-06-11,2011,7,-86.48356,30.562187,G-1,Eglin AFB
eglin,eglin g1,QUGE,2,2018-06-11,NA,Quercus geminata,tree,Quercus,geminata,native,tree,2,Quercus geminata,2018,uninvaded,2018-06-11,2011,7,-86.48356,30.562187,G-1,Eglin AFB
eglin,eglin a1,QULA,8,2018-06-11,NA,Quercus laevis,tree,Quercus,laevis,native,tree,8,Quercus laevis,2018,uninvaded,2018-06-11,2017,1,-86.507376,30.590218,A-1,Eglin AFB
eglin,eglin g1,QULA,2,2018-06-11,NA,Quercus laevis,tree,Quercus,laevis,native,tree,2,Quercus laevis,2018,uninvaded,2018-06-11,2011,7,-86.48356,30.562187,G-1,Eglin AFB
eglin,eglin a1,SERE,6,2018-06-11,NA,Serenoa repens,shrub/tree,Serenoa,repens,native,shrub/tree,6,Serenoa repens,2018,uninvaded,2018-06-11,2017,1,-86.507376,30.590218,A-1,Eglin AFB
eglin,eglin g1,SERE,9,2018-06-11,NA,Serenoa repens,shrub/tree,Serenoa,repens,native,shrub/tree,9,Serenoa repens,2018,uninvaded,2018-06-11,2011,7,-86.48356,30.562187,G-1,Eglin AFB
eglin,eglin i1,BAMBU,6,2018-06-12,NA,Bambusa spp.,graminoid,Bambusa,spp.,introduced,graminoid,6,Bambusa spp.,2018,uninvaded,2018-06-12,2009,9,-86.243462,30.699865,I-1,Eglin AFB
eglin,eglin i1,ILGL,7,2018-06-12,NA,Ilex glabra,shrub,Ilex,glabra,native,shrub,7,Ilex glabra,2018,uninvaded,2018-06-12,2009,9,-86.243462,30.699865,I-1,Eglin AFB
eglin,eglin i1,ILEX,32,2018-06-12,NA,Ilex spp.,shrub,Ilex,spp.,native/introduced,shrub,32,Ilex spp.,2018,uninvaded,2018-06-12,2009,9,-86.243462,30.699865,I-1,Eglin AFB
eglin,eglin i1,ILVO,4,2018-06-12,NA,Ilex vomitoria,shrub,Ilex,vomitoria,native,shrub,4,Ilex vomitoria,2018,uninvaded,2018-06-12,2009,9,-86.243462,30.699865,I-1,Eglin AFB
eglin,eglin i1,PEBO,1,2018-06-12,NA,Persea borbonia,tree,Persea,borbonia,native,tree,1,Persea borbonia,2018,uninvaded,2018-06-12,2009,9,-86.243462,30.699865,I-1,Eglin AFB
eglin,eglin i1,QUFA,23,2018-06-12,?? Rubus? Or north/southern red SC 8/30. changed to southern red oak from rubus oak,Quercus falcata,tree,Quercus,falcata,native,tree,23,Quercus falcata,2018,uninvaded,2018-06-12,2009,9,-86.243462,30.699865,I-1,Eglin AFB
eglin,eglin i1,QUNI,19,2018-06-12,NA,Quercus nigra,tree,Quercus,nigra,native,tree,19,Quercus nigra,2018,uninvaded,2018-06-12,2009,9,-86.243462,30.699865,I-1,Eglin AFB
eglin,eglin i1,VACCI,7,2018-06-12,NA,Vaccinium spp.,shrub,Vaccinium,spp.,native,shrub,7,Vaccinium spp.,2018,uninvaded,2018-06-12,2009,9,-86.243462,30.699865,I-1,Eglin AFB
eglin,eglin c1,QUHE,1,2018-06-13,NA,Quercus hemisphaerica,tree,Quercus,hemisphaerica,native,tree,1,Quercus hemisphaerica,2018,uninvaded,2018-06-13,2015,3,-86.425476,30.597517,C-1,Eglin AFB
eglin,eglin j1,QUHE,8,2018-06-13,NA,Quercus hemisphaerica,tree,Quercus,hemisphaerica,native,tree,8,Quercus hemisphaerica,2018,uninvaded,2018-06-13,2007,11,-86.448132,30.616449,J-1,Eglin AFB
eglin,eglin j1,QULA,1,2018-06-13,NA,Quercus laevis,tree,Quercus,laevis,native,tree,1,Quercus laevis,2018,uninvaded,2018-06-13,2007,11,-86.448132,30.616449,J-1,Eglin AFB
eglin,eglin c1,QUNI,2,2018-06-13,NA,Quercus nigra,tree,Quercus,nigra,native,tree,2,Quercus nigra,2018,uninvaded,2018-06-13,2015,3,-86.425476,30.597517,C-1,Eglin AFB
eglin,eglin c1,SERE,1,2018-06-13,NA,Serenoa repens,shrub/tree,Serenoa,repens,native,shrub/tree,1,Serenoa repens,2018,uninvaded,2018-06-13,2015,3,-86.425476,30.597517,C-1,Eglin AFB
eglin,eglin j1,SERE,3,2018-06-13,NA,Serenoa repens,shrub/tree,Serenoa,repens,native,shrub/tree,3,Serenoa repens,2018,uninvaded,2018-06-13,2007,11,-86.448132,30.616449,J-1,Eglin AFB
eglin,eglin j1,VACCI,3,2018-06-13,NA,Vaccinium spp.,shrub,Vaccinium,spp.,native,shrub,3,Vaccinium spp.,2018,uninvaded,2018-06-13,2007,11,-86.448132,30.616449,J-1,Eglin AFB
eglin,eglin f1,CRATA,4,2018-06-15,NA,Crataegus spp.,shrub,Crataegus,spp.,native/introduced,shrub,4,Crataegus spp.,2018,uninvaded,2018-06-15,2011,7,-86.532676,30.605483,F-1,Eglin AFB
eglin,eglin f1,CRAR2,15,2018-06-15,NA,Croton argyranthemus,forb,Croton,argyranthemus,native,forb,15,Croton argyranthemus,2018,uninvaded,2018-06-15,2011,7,-86.532676,30.605483,F-1,Eglin AFB
eglin,eglin b2,PIPA,5,2018-06-15,NA,Pinus palustris,tree,Pinus,palustris,native,tree,5,Pinus palustris,2018,uninvaded,2018-06-15,2016,2,-86.496065,30.607785,B-2,Eglin AFB
eglin,eglin f1,PIPA,2,2018-06-15,NA,Pinus palustris,tree,Pinus,palustris,native,tree,2,Pinus palustris,2018,uninvaded,2018-06-15,2011,7,-86.532676,30.605483,F-1,Eglin AFB
eglin,eglin f1,QUGE,10,2018-06-15,NA,Quercus geminata,tree,Quercus,geminata,native,tree,10,Quercus geminata,2018,uninvaded,2018-06-15,2011,7,-86.532676,30.605483,F-1,Eglin AFB
eglin,eglin f1,QUHE,2,2018-06-15,NA,Quercus hemisphaerica,tree,Quercus,hemisphaerica,native,tree,2,Quercus hemisphaerica,2018,uninvaded,2018-06-15,2011,7,-86.532676,30.605483,F-1,Eglin AFB
eglin,eglin f1,QULA,4,2018-06-15,NA,Quercus laevis,tree,Quercus,laevis,native,tree,4,Quercus laevis,2018,uninvaded,2018-06-15,2011,7,-86.532676,30.605483,F-1,Eglin AFB
eglin,eglin f1,QUNI,7,2018-06-15,NA,Quercus nigra,tree,Quercus,nigra,native,tree,7,Quercus nigra,2018,uninvaded,2018-06-15,2011,7,-86.532676,30.605483,F-1,Eglin AFB
eglin,eglin b2,SERE,11,2018-06-15,NA,Serenoa repens,shrub/tree,Serenoa,repens,native,shrub/tree,11,Serenoa repens,2018,uninvaded,2018-06-15,2016,2,-86.496065,30.607785,B-2,Eglin AFB
tyndall,tyndall d2,ILGL,5,2018-06-25,NA,Ilex glabra,shrub,Ilex,glabra,native,shrub,5,Ilex glabra,2018,uninvaded,2018-06-25,2014,4,-85.51935,30.023204,D-2,Tyndall AFB
tyndall,tyndall d2,MAGNO,17,2018-06-25,NA,Magnolia spp.,shrub/tree,Magnolia,spp.,native/introduced,shrub/tree,17,Magnolia spp.,2018,uninvaded,2018-06-25,2014,4,-85.51935,30.023204,D-2,Tyndall AFB
tyndall,tyndall d2,PIEL,1,2018-06-25,NA,Pinus elliottii,tree,Pinus,elliottii,native,tree,1,Pinus elliottii,2018,uninvaded,2018-06-25,2014,4,-85.51935,30.023204,D-2,Tyndall AFB
tyndall,tyndall b2,SERE,1,2018-06-25,NA,Serenoa repens,shrub/tree,Serenoa,repens,native,shrub/tree,1,Serenoa repens,2018,uninvaded,2018-06-25,2017,1,-85.476082,30.000315,B-2,Tyndall AFB
tyndall,tyndall d2,LITR,61,2018-06-25,NA,NA,NA,NA,NA,NA,NA,61,NA NA,2018,uninvaded,2018-06-25,2014,4,-85.51935,30.023204,D-2,Tyndall AFB
tyndall,tyndall d2,VACCI,27,2018-06-25,NA,Vaccinium spp.,shrub,Vaccinium,spp.,native,shrub,27,Vaccinium spp.,2018,uninvaded,2018-06-25,2014,4,-85.51935,30.023204,D-2,Tyndall AFB
tyndall,tyndall c1,ILGL,333,2018-06-26,NA,Ilex glabra,shrub,Ilex,glabra,native,shrub,333,Ilex glabra,2018,uninvaded,2018-06-26,2016,2,-85.517982,30.022271,C-1,Tyndall AFB
tyndall,tyndall c2,ILGL,238,2018-06-26,NA,Ilex glabra,shrub,Ilex,glabra,native,shrub,238,Ilex glabra,2018,uninvaded,2018-06-26,2016,2,-85.519121,30.025209,C-2,Tyndall AFB
tyndall,tyndall c1,LYFE,1,2018-06-26,changed to rusty staggerbush,Lyonia ferruginea,shrub,Lyonia,ferruginea,native,shrub,1,Lyonia ferruginea,2018,uninvaded,2018-06-26,2016,2,-85.517982,30.022271,C-1,Tyndall AFB
tyndall,tyndall c2,QUMY,2,2018-06-26,NA,Quercus myrtifolia,tree,Quercus,myrtifolia,native,tree,2,Quercus myrtifolia,2018,uninvaded,2018-06-26,2016,2,-85.519121,30.025209,C-2,Tyndall AFB
tyndall,tyndall c1,SERE,3,2018-06-26,NA,Serenoa repens,shrub/tree,Serenoa,repens,native,shrub/tree,3,Serenoa repens,2018,uninvaded,2018-06-26,2016,2,-85.517982,30.022271,C-1,Tyndall AFB
tyndall,tyndall c2,SERE,4,2018-06-26,NA,Serenoa repens,shrub/tree,Serenoa,repens,native,shrub/tree,4,Serenoa repens,2018,uninvaded,2018-06-26,2016,2,-85.519121,30.025209,C-2,Tyndall AFB
tyndall,tyndall c2,other,1,2018-06-26,"random shrub drews phone time stamp 1:15, 6/26",NA,NA,NA,NA,NA,NA,1,NA NA,2018,uninvaded,2018-06-26,2016,2,-85.519121,30.025209,C-2,Tyndall AFB
tyndall,tyndall b3,ILGL,23,2018-06-27,NA,Ilex glabra,shrub,Ilex,glabra,native,shrub,23,Ilex glabra,2018,uninvaded,2018-06-27,2017,1,-85.458016,30.015622,B-3,Tyndall AFB
tyndall,tyndall b4,ILEX,71,2018-06-27,NA,Ilex spp.,shrub,Ilex,spp.,native/introduced,shrub,71,Ilex spp.,2018,uninvaded,2018-06-27,2017,1,-85.452983,30.01769,B-4,Tyndall AFB
tyndall,tyndall b4,SERE,1,2018-06-27,NA,Serenoa repens,shrub/tree,Serenoa,repens,native,shrub/tree,1,Serenoa repens,2018,uninvaded,2018-06-27,2017,1,-85.452983,30.01769,B-4,Tyndall AFB
tyndall,tyndall b4,VACCI,1,2018-06-27,NA,Vaccinium spp.,shrub,Vaccinium,spp.,native,shrub,1,Vaccinium spp.,2018,uninvaded,2018-06-27,2017,1,-85.452983,30.01769,B-4,Tyndall AFB
jackson,jackson d1,CARYA,1,2018-07-09,NA,Carya spp.,tree,Carya,spp.,native,tree,1,Carya spp.,2018,uninvaded,2018-07-09,2010,8,-80.75314,34.075136,D-1,Fort Jackson
jackson,jackson c1,DIVI,3,2018-07-09,NA,Diospyros virginiana,tree,Diospyros,virginiana,native,tree,3,Diospyros virginiana,2018,uninvaded,2018-07-09,2017,1,-80.759342,34.078634,C-1,Fort Jackson
jackson,jackson d1,QUNI,1,2018-07-09,NA,Quercus nigra,tree,Quercus,nigra,native,tree,1,Quercus nigra,2018,uninvaded,2018-07-09,2010,8,-80.75314,34.075136,D-1,Fort Jackson
jackson,jackson d1,QURU,8,2018-07-09,NA,Quercus rubra,tree,Quercus,rubra,native,tree,8,Quercus rubra,2018,uninvaded,2018-07-09,2010,8,-80.75314,34.075136,D-1,Fort Jackson
jackson,jackson a1,NA,0,2018-07-09,placeholder zero for plot visit,Asteraceae 0,0,Asteraceae,0,0,0,0,Asteraceae 0,2018,uninvaded,2018-07-09,2010,8,-80.749623,34.077337,A-1,Fort Jackson
jackson,jackson b1,NA,0,2018-07-09,placeholder zero for plot visit,Asteraceae 0,0,Asteraceae,0,0,0,0,Asteraceae 0,2018,uninvaded,2018-07-09,2015,3,-80.75528,34.073796,B-1,Fort Jackson
jackson,jackson e1,PIPA,1,2018-07-10,NA,Pinus palustris,tree,Pinus,palustris,native,tree,1,Pinus palustris,2018,uninvaded,2018-07-10,2007,11,-80.760441,34.081586,E-1,Fort Jackson
jackson,jackson e1,QULA,1,2018-07-10,NA,Quercus laevis,tree,Quercus,laevis,native,tree,1,Quercus laevis,2018,uninvaded,2018-07-10,2007,11,-80.760441,34.081586,E-1,Fort Jackson
jackson,jackson f1,QULA,3,2018-07-10,NA,Quercus laevis,tree,Quercus,laevis,native,tree,3,Quercus laevis,2018,uninvaded,2018-07-10,2016,2,-80.765852,34.079753,F-1,Fort Jackson
jackson,jackson e1,SAAL5,8,2018-07-10,NA,Sassafras albidum,shrub,Sassafras,albidum,native,shrub,8,Sassafras albidum,2018,uninvaded,2018-07-10,2007,11,-80.760441,34.081586,E-1,Fort Jackson
jackson,jackson e1,VAAR,11,2018-07-10,NA,Vaccinium arboreum,shrub/tree,Vaccinium,arboreum,native,shrub/tree,11,Vaccinium arboreum,2018,uninvaded,2018-07-10,2007,11,-80.760441,34.081586,E-1,Fort Jackson
jackson,jackson g1,VAAR,4,2018-07-10,NA,Vaccinium arboreum,shrub/tree,Vaccinium,arboreum,native,shrub/tree,4,Vaccinium arboreum,2018,uninvaded,2018-07-10,2014,4,-80.783554,34.076397,G-1,Fort Jackson
jackson,jackson f1,VACCI,26,2018-07-10,NA,Vaccinium spp.,shrub,Vaccinium,spp.,native,shrub,26,Vaccinium spp.,2018,uninvaded,2018-07-10,2016,2,-80.765852,34.079753,F-1,Fort Jackson
jackson,jackson g1,VACCI,4,2018-07-10,NA,Vaccinium spp.,shrub,Vaccinium,spp.,native,shrub,4,Vaccinium spp.,2018,uninvaded,2018-07-10,2014,4,-80.783554,34.076397,G-1,Fort Jackson
jackson,jackson g1,LINDE2,1,2018-07-10,NA,NA,NA,NA,NA,NA,NA,1,NA NA,2018,uninvaded,2018-07-10,2014,4,-80.783554,34.076397,G-1,Fort Jackson
jackson,jackson i1,DIVI,8,2018-07-11,NA,Diospyros virginiana,tree,Diospyros,virginiana,native,tree,8,Diospyros virginiana,2018,uninvaded,2018-07-11,2017,1,-80.774299,34.011561,I-1,Fort Jackson
jackson,jackson j1,QULA,1,2018-07-11,NA,Quercus laevis,tree,Quercus,laevis,native,tree,1,Quercus laevis,2018,uninvaded,2018-07-11,2015,3,-80.764428,34.009336,J-1,Fort Jackson
jackson,jackson j1,SAAL5,1,2018-07-11,NA,Sassafras albidum,shrub,Sassafras,albidum,native,shrub,1,Sassafras albidum,2018,uninvaded,2018-07-11,2015,3,-80.764428,34.009336,J-1,Fort Jackson
jackson,jackson j1,VACCI,3,2018-07-11,NA,Vaccinium spp.,shrub,Vaccinium,spp.,native,shrub,3,Vaccinium spp.,2018,uninvaded,2018-07-11,2015,3,-80.764428,34.009336,J-1,Fort Jackson
jackson,jackson k1,NA,0,2018-07-11,placeholder zero for plot visit,Asteraceae 0,0,Asteraceae,0,0,0,0,Asteraceae 0,2018,uninvaded,2018-07-11,2018,0,-80.763432,34.014072,K-1,Fort Jackson
jackson,jackson h1,CARYA,2,2018-07-12,NA,Carya spp.,tree,Carya,spp.,native,tree,2,Carya spp.,2018,uninvaded,2018-07-12,2009,9,-80.771614,34.007664,H-1,Fort Jackson
jackson,jackson h1,CARYA,2,2018-07-12,NA,Carya spp.,tree,Carya,spp.,native,tree,2,Carya spp.,2018,uninvaded,2018-07-12,2009,9,-80.771614,34.007664,H-1,Fort Jackson
jackson,jackson h1,DIVI,5,2018-07-12,NA,Diospyros virginiana,tree,Diospyros,virginiana,native,tree,5,Diospyros virginiana,2018,uninvaded,2018-07-12,2009,9,-80.771614,34.007664,H-1,Fort Jackson
jackson,jackson h1,DIVI,5,2018-07-12,NA,Diospyros virginiana,tree,Diospyros,virginiana,native,tree,5,Diospyros virginiana,2018,uninvaded,2018-07-12,2009,9,-80.771614,34.007664,H-1,Fort Jackson
jackson,jackson h1,QUHE,2,2018-07-12,NA,Quercus hemisphaerica,tree,Quercus,hemisphaerica,native,tree,2,Quercus hemisphaerica,2018,uninvaded,2018-07-12,2009,9,-80.771614,34.007664,H-1,Fort Jackson
jackson,jackson h1,QUHE,2,2018-07-12,NA,Quercus hemisphaerica,tree,Quercus,hemisphaerica,native,tree,2,Quercus hemisphaerica,2018,uninvaded,2018-07-12,2009,9,-80.771614,34.007664,H-1,Fort Jackson
jackson,jackson h1,QUMA,3,2018-07-12,NA,Quercus marilandica,tree,Quercus,marilandica,native,tree,3,Quercus marilandica,2018,uninvaded,2018-07-12,2009,9,-80.771614,34.007664,H-1,Fort Jackson
jackson,jackson h1,QUNI,7,2018-07-12,NA,Quercus nigra,tree,Quercus,nigra,native,tree,7,Quercus nigra,2018,uninvaded,2018-07-12,2009,9,-80.771614,34.007664,H-1,Fort Jackson
jackson,jackson h1,QUNI,7,2018-07-12,NA,Quercus nigra,tree,Quercus,nigra,native,tree,7,Quercus nigra,2018,uninvaded,2018-07-12,2009,9,-80.771614,34.007664,H-1,Fort Jackson
jackson,jackson h1,SAAL5,31,2018-07-12,NA,Sassafras albidum,shrub,Sassafras,albidum,native,shrub,31,Sassafras albidum,2018,uninvaded,2018-07-12,2009,9,-80.771614,34.007664,H-1,Fort Jackson
jackson,jackson h1,SAAL5,31,2018-07-12,NA,Sassafras albidum,shrub,Sassafras,albidum,native,shrub,31,Sassafras albidum,2018,uninvaded,2018-07-12,2009,9,-80.771614,34.007664,H-1,Fort Jackson
jackson,jackson h1,VACCI,37,2018-07-12,NA,Vaccinium spp.,shrub,Vaccinium,spp.,native,shrub,37,Vaccinium spp.,2018,uninvaded,2018-07-12,2009,9,-80.771614,34.007664,H-1,Fort Jackson
jackson,jackson h1,VACCI,37,2018-07-12,NA,Vaccinium spp.,shrub,Vaccinium,spp.,native,shrub,37,Vaccinium spp.,2018,uninvaded,2018-07-12,2009,9,-80.771614,34.007664,H-1,Fort Jackson
jackson,jackson h1,QUMA,3,2018-07-12,NA,Quercus marilandica,tree,Quercus,marilandica,native,tree,3,Quercus marilandica,2018,uninvaded,2018-07-12,2009,9,-80.771614,34.007664,H-1,Fort Jackson
jackson,jackson l1,CARYA,3,2018-07-13,NA,Carya spp.,tree,Carya,spp.,native,tree,3,Carya spp.,2018,uninvaded,2018-07-13,2009,9,-80.781399,34.090976,L-1,Fort Jackson
jackson,jackson l1,DIVI,1,2018-07-13,NA,Diospyros virginiana,tree,Diospyros,virginiana,native,tree,1,Diospyros virginiana,2018,uninvaded,2018-07-13,2009,9,-80.781399,34.090976,L-1,Fort Jackson
jackson,jackson m1,DIVI,2,2018-07-13,NA,Diospyros virginiana,tree,Diospyros,virginiana,native,tree,2,Diospyros virginiana,2018,uninvaded,2018-07-13,2018,0,-80.778834,34.091439,M-1,Fort Jackson
jackson,jackson m1,PIPA,1,2018-07-13,NA,Pinus palustris,tree,Pinus,palustris,native,tree,1,Pinus palustris,2018,uninvaded,2018-07-13,2018,0,-80.778834,34.091439,M-1,Fort Jackson
jackson,jackson l1,PRUNU,5,2018-07-13,Unsure of the ID stated as a shrub either Prunos or sambucus,Prunus  spp.,shrub/tree,Prunus,spp.,native/introduced,shrub/tree,5,Prunus spp.,2018,uninvaded,2018-07-13,2009,9,-80.781399,34.090976,L-1,Fort Jackson
jackson,jackson m1,QULA,7,2018-07-13,NA,Quercus laevis,tree,Quercus,laevis,native,tree,7,Quercus laevis,2018,uninvaded,2018-07-13,2018,0,-80.778834,34.091439,M-1,Fort Jackson
jackson,jackson l1,QUMA,4,2018-07-13,NA,Quercus marilandica,tree,Quercus,marilandica,native,tree,4,Quercus marilandica,2018,uninvaded,2018-07-13,2009,9,-80.781399,34.090976,L-1,Fort Jackson
benning,benning a1,CAAM,1,2018-07-24,NA,Callicarpa americana,shrub,Callicarpa,americana,native,shrub,1,Callicarpa americana,2018,uninvaded,2018-07-24,2014,4,-84.894867,32.389017,A-1,Fort Benning
benning,benning a1,CARYA,20,2018-07-24,NA,Carya spp.,tree,Carya,spp.,native,tree,20,Carya spp.,2018,uninvaded,2018-07-24,2014,4,-84.894867,32.389017,A-1,Fort Benning
benning,benning a1,CRATA,3,2018-07-24,NA,Crataegus spp.,shrub,Crataegus,spp.,native/introduced,shrub,3,Crataegus spp.,2018,uninvaded,2018-07-24,2014,4,-84.894867,32.389017,A-1,Fort Benning
benning,benning a1,LIST,28,2018-07-24,NA,Liquidambar styraciflua,tree,Liquidambar,styraciflua,native,tree,28,Liquidambar styraciflua,2018,uninvaded,2018-07-24,2014,4,-84.894867,32.389017,A-1,Fort Benning
benning,benning b1,LIST,1,2018-07-24,NA,Liquidambar styraciflua,tree,Liquidambar,styraciflua,native,tree,1,Liquidambar styraciflua,2018,uninvaded,2018-07-24,2016,2,-84.900369,32.390499,B-1,Fort Benning
benning,benning a1,MOCE,25,2018-07-24,NA,Morella cerifera,shrub,Morella,cerifera,native,shrub,25,Morella cerifera,2018,uninvaded,2018-07-24,2014,4,-84.894867,32.389017,A-1,Fort Benning
benning,benning a1,PRUNU,4,2018-07-24,NA,Prunus  spp.,shrub/tree,Prunus,spp.,native/introduced,shrub/tree,4,Prunus spp.,2018,uninvaded,2018-07-24,2014,4,-84.894867,32.389017,A-1,Fort Benning
benning,benning a1,QUAL,4,2018-07-24,NA,Quercus alba,tree,Quercus,alba,native,tree,4,Quercus alba,2018,uninvaded,2018-07-24,2014,4,-84.894867,32.389017,A-1,Fort Benning
benning,benning a1,QUHE,8,2018-07-24,NA,Quercus hemisphaerica,tree,Quercus,hemisphaerica,native,tree,8,Quercus hemisphaerica,2018,uninvaded,2018-07-24,2014,4,-84.894867,32.389017,A-1,Fort Benning
benning,benning a1,QUMA,16,2018-07-24,NA,Quercus marilandica,tree,Quercus,marilandica,native,tree,16,Quercus marilandica,2018,uninvaded,2018-07-24,2014,4,-84.894867,32.389017,A-1,Fort Benning
benning,benning a1,RHCO,38,2018-07-24,NA,Rhus copallinum,shrub,Rhus,copallinum,native,shrub,38,Rhus copallinum,2018,uninvaded,2018-07-24,2014,4,-84.894867,32.389017,A-1,Fort Benning
benning,benning a1,SAAL5,2,2018-07-24,NA,Sassafras albidum,shrub,Sassafras,albidum,native,shrub,2,Sassafras albidum,2018,uninvaded,2018-07-24,2014,4,-84.894867,32.389017,A-1,Fort Benning
benning,benning a1,VAAR,1,2018-07-24,NA,Vaccinium arboreum,shrub/tree,Vaccinium,arboreum,native,shrub/tree,1,Vaccinium arboreum,2018,uninvaded,2018-07-24,2014,4,-84.894867,32.389017,A-1,Fort Benning
benning,benning a1,VACCI,22,2018-07-24,NA,Vaccinium spp.,shrub,Vaccinium,spp.,native,shrub,22,Vaccinium spp.,2018,uninvaded,2018-07-24,2014,4,-84.894867,32.389017,A-1,Fort Benning
benning,benning a1,VACCI,15,2018-07-24,NA,Vaccinium spp.,shrub,Vaccinium,spp.,native,shrub,15,Vaccinium spp.,2018,uninvaded,2018-07-24,2014,4,-84.894867,32.389017,A-1,Fort Benning
benning,benning c1,CAAM,24,2018-07-25,NA,Callicarpa americana,shrub,Callicarpa,americana,native,shrub,24,Callicarpa americana,2018,uninvaded,2018-07-25,2018,0,-84.815476,32.345412,C-1,Fort Benning
benning,benning d1,CARYA,4,2018-07-25,NA,Carya spp.,tree,Carya,spp.,native,tree,4,Carya spp.,2018,uninvaded,2018-07-25,2017,1,-84.774863,32.361567,D-1,Fort Benning
benning,benning d1,DIVI,1,2018-07-25,NA,Diospyros virginiana,tree,Diospyros,virginiana,native,tree,1,Diospyros virginiana,2018,uninvaded,2018-07-25,2017,1,-84.774863,32.361567,D-1,Fort Benning
benning,benning c1,LIST,31,2018-07-25,NA,Liquidambar styraciflua,tree,Liquidambar,styraciflua,native,tree,31,Liquidambar styraciflua,2018,uninvaded,2018-07-25,2018,0,-84.815476,32.345412,C-1,Fort Benning
benning,benning d1,LIST,24,2018-07-25,NA,Liquidambar styraciflua,tree,Liquidambar,styraciflua,native,tree,24,Liquidambar styraciflua,2018,uninvaded,2018-07-25,2017,1,-84.774863,32.361567,D-1,Fort Benning
benning,benning d1,PITA,3,2018-07-25,NA,Pinus taeda,tree,Pinus,taeda,native,tree,3,Pinus taeda,2018,uninvaded,2018-07-25,2017,1,-84.774863,32.361567,D-1,Fort Benning
benning,benning d1,QULA,13,2018-07-25,NA,Quercus laevis,tree,Quercus,laevis,native,tree,13,Quercus laevis,2018,uninvaded,2018-07-25,2017,1,-84.774863,32.361567,D-1,Fort Benning
benning,benning d1,QUMA,17,2018-07-25,NA,Quercus marilandica,tree,Quercus,marilandica,native,tree,17,Quercus marilandica,2018,uninvaded,2018-07-25,2017,1,-84.774863,32.361567,D-1,Fort Benning
benning,benning c1,RHCO,2,2018-07-25,NA,Rhus copallinum,shrub,Rhus,copallinum,native,shrub,2,Rhus copallinum,2018,uninvaded,2018-07-25,2018,0,-84.815476,32.345412,C-1,Fort Benning
benning,benning c1,RUBUS,4,2018-07-25,NA,Rubus spp.,forb/shrub,Rubus,spp.,native/introduced,forb/shrub,4,Rubus spp.,2018,uninvaded,2018-07-25,2018,0,-84.815476,32.345412,C-1,Fort Benning
benning,benning d1,VAAR,10,2018-07-25,NA,Vaccinium arboreum,shrub/tree,Vaccinium,arboreum,native,shrub/tree,10,Vaccinium arboreum,2018,uninvaded,2018-07-25,2017,1,-84.774863,32.361567,D-1,Fort Benning
benning,benning d1,VACCI,7,2018-07-25,NA,Vaccinium spp.,shrub,Vaccinium,spp.,native,shrub,7,Vaccinium spp.,2018,uninvaded,2018-07-25,2017,1,-84.774863,32.361567,D-1,Fort Benning
benning,benning f1,DIVI,2,2018-07-26,NA,Diospyros virginiana,tree,Diospyros,virginiana,native,tree,2,Diospyros virginiana,2018,uninvaded,2018-07-26,2016,2,-84.821965,32.333689,F-1,Fort Benning
benning,benning e1,LIST,11,2018-07-26,NA,Liquidambar styraciflua,tree,Liquidambar,styraciflua,native,tree,11,Liquidambar styraciflua,2018,uninvaded,2018-07-26,2015,3,-84.818986,32.327739,E-1,Fort Benning
benning,benning f1,LIST,14,2018-07-26,NA,Liquidambar styraciflua,tree,Liquidambar,styraciflua,native,tree,14,Liquidambar styraciflua,2018,uninvaded,2018-07-26,2016,2,-84.821965,32.333689,F-1,Fort Benning
benning,benning f1,MOCE,3,2018-07-26,NA,Morella cerifera,shrub,Morella,cerifera,native,shrub,3,Morella cerifera,2018,uninvaded,2018-07-26,2016,2,-84.821965,32.333689,F-1,Fort Benning
benning,benning i1,CAAM,3,2018-07-27,NA,Callicarpa americana,shrub,Callicarpa,americana,native,shrub,3,Callicarpa americana,2018,uninvaded,2018-07-27,2017,1,-84.67736,32.399427,I-1,Fort Benning
benning,benning i1,CARYA,1,2018-07-27,NA,Carya spp.,tree,Carya,spp.,native,tree,1,Carya spp.,2018,uninvaded,2018-07-27,2017,1,-84.67736,32.399427,I-1,Fort Benning
benning,benning j1,DIVI,3,2018-07-27,NA,Diospyros virginiana,tree,Diospyros,virginiana,native,tree,3,Diospyros virginiana,2018,uninvaded,2018-07-27,2018,0,-84.679634,32.392144,J-1,Fort Benning
benning,benning j1,LEBI,8,2018-07-27,NA,Lespedeza bicolor Turcz.,forb/shrub,Lespedeza,bicolor Turcz.,invasive,forb/shrub,8,Lespedeza bicolor Turcz.,2018,uninvaded,2018-07-27,2018,0,-84.679634,32.392144,J-1,Fort Benning
benning,benning i1,LIST,1,2018-07-27,NA,Liquidambar styraciflua,tree,Liquidambar,styraciflua,native,tree,1,Liquidambar styraciflua,2018,uninvaded,2018-07-27,2017,1,-84.67736,32.399427,I-1,Fort Benning
benning,benning i1,QUMA,3,2018-07-27,NA,Quercus marilandica,tree,Quercus,marilandica,native,tree,3,Quercus marilandica,2018,uninvaded,2018-07-27,2017,1,-84.67736,32.399427,I-1,Fort Benning
benning,benning j1,QUMA,11,2018-07-27,NA,Quercus marilandica,tree,Quercus,marilandica,native,tree,11,Quercus marilandica,2018,uninvaded,2018-07-27,2018,0,-84.679634,32.392144,J-1,Fort Benning
benning,benning j1,RHCO,49,2018-07-27,NA,Rhus copallinum,shrub,Rhus,copallinum,native,shrub,49,Rhus copallinum,2018,uninvaded,2018-07-27,2018,0,-84.679634,32.392144,J-1,Fort Benning
benning,benning j1,RUBUS,2,2018-07-27,NA,Rubus spp.,forb/shrub,Rubus,spp.,native/introduced,forb/shrub,2,Rubus spp.,2018,uninvaded,2018-07-27,2018,0,-84.679634,32.392144,J-1,Fort Benning
benning,benning j1,VAAR,1,2018-07-27,NA,Vaccinium arboreum,shrub/tree,Vaccinium,arboreum,native,shrub/tree,1,Vaccinium arboreum,2018,uninvaded,2018-07-27,2018,0,-84.679634,32.392144,J-1,Fort Benning
benning,benning j1,thiny,3,2018-07-27,NA,NA,NA,NA,NA,NA,NA,3,NA NA,2018,uninvaded,2018-07-27,2018,0,-84.679634,32.392144,J-1,Fort Benning
benning,benning h1,DIVI,9,2018-07-28,NA,Diospyros virginiana,tree,Diospyros,virginiana,native,tree,9,Diospyros virginiana,2018,uninvaded,2018-07-28,2017,1,-84.672603,32.366872,H-1,Fort Benning
benning,benning h1,EUCA5,12,2018-07-28,NA,Eupatorium capillofolium,forb,Eupatorium,capillofolium,native,forb,12,Eupatorium capillofolium,2018,uninvaded,2018-07-28,2017,1,-84.672603,32.366872,H-1,Fort Benning
benning,benning g1,LEBI,1,2018-07-28,NA,Lespedeza bicolor Turcz.,forb/shrub,Lespedeza,bicolor Turcz.,invasive,forb/shrub,1,Lespedeza bicolor Turcz.,2018,uninvaded,2018-07-28,2015,3,-84.700343,32.377208,G-1,Fort Benning
benning,benning g1,QUFA,2,2018-07-28,NA,Quercus falcata,tree,Quercus,falcata,native,tree,2,Quercus falcata,2018,uninvaded,2018-07-28,2015,3,-84.700343,32.377208,G-1,Fort Benning
benning,benning h1,VACCI,12,2018-07-28,NA,Vaccinium spp.,shrub,Vaccinium,spp.,native,shrub,12,Vaccinium spp.,2018,uninvaded,2018-07-28,2017,1,-84.672603,32.366872,H-1,Fort Benning
benning,benning h1,shrub,2,2018-07-28,NA,NA,NA,NA,NA,NA,NA,2,NA NA,2018,uninvaded,2018-07-28,2017,1,-84.672603,32.366872,H-1,Fort Benning
shelby,shelby a1,CAAM,10,2018-08-11,NA,Callicarpa americana,shrub,Callicarpa,americana,native,shrub,10,Callicarpa americana,2018,invaded,2018-08-11,2017,1,-88.937473,30.968064,A-1,Camp Shelby
shelby,shelby c1,DIVI,13,2018-08-11,NA,Diospyros virginiana,tree,Diospyros,virginiana,native,tree,13,Diospyros virginiana,2018,uninvaded,2018-08-11,2016,2,-88.865599,30.948842,C-1,Camp Shelby
shelby,shelby c1,ILGL,5,2018-08-11,NA,Ilex glabra,shrub,Ilex,glabra,native,shrub,5,Ilex glabra,2018,uninvaded,2018-08-11,2016,2,-88.865599,30.948842,C-1,Camp Shelby
shelby,shelby c1,ILVO,27,2018-08-11,NA,Ilex vomitoria,shrub,Ilex,vomitoria,native,shrub,27,Ilex vomitoria,2018,uninvaded,2018-08-11,2016,2,-88.865599,30.948842,C-1,Camp Shelby
shelby,shelby c1,PEBO,5,2018-08-11,NA,Persea borbonia,tree,Persea,borbonia,native,tree,5,Persea borbonia,2018,uninvaded,2018-08-11,2016,2,-88.865599,30.948842,C-1,Camp Shelby
shelby,shelby c1,RHCO,1,2018-08-11,NA,Rhus copallinum,shrub,Rhus,copallinum,native,shrub,1,Rhus copallinum,2018,uninvaded,2018-08-11,2016,2,-88.865599,30.948842,C-1,Camp Shelby
shelby,shelby c1,VAAR,4,2018-08-11,NA,Vaccinium arboreum,shrub/tree,Vaccinium,arboreum,native,shrub/tree,4,Vaccinium arboreum,2018,uninvaded,2018-08-11,2016,2,-88.865599,30.948842,C-1,Camp Shelby
shelby,shelby a2,CAAM,23,2018-08-12,NA,Callicarpa americana,shrub,Callicarpa,americana,native,shrub,23,Callicarpa americana,2018,uninvaded,2018-08-12,2017,1,-88.931824,30.967114,A-2,Camp Shelby
shelby,shelby e1,DIVI,7,2018-08-12,NA,Diospyros virginiana,tree,Diospyros,virginiana,native,tree,7,Diospyros virginiana,2018,uninvaded,2018-08-12,2015,3,-88.912687,30.985987,E-1,Camp Shelby
shelby,shelby e1,ILEX,1,2018-08-12,NA,Ilex spp.,shrub,Ilex,spp.,native/introduced,shrub,1,Ilex spp.,2018,uninvaded,2018-08-12,2015,3,-88.912687,30.985987,E-1,Camp Shelby
shelby,shelby a2,LIST,2,2018-08-12,NA,Liquidambar styraciflua,tree,Liquidambar,styraciflua,native,tree,2,Liquidambar styraciflua,2018,uninvaded,2018-08-12,2017,1,-88.931824,30.967114,A-2,Camp Shelby
shelby,shelby e1,LIST,1,2018-08-12,NA,Liquidambar styraciflua,tree,Liquidambar,styraciflua,native,tree,1,Liquidambar styraciflua,2018,uninvaded,2018-08-12,2015,3,-88.912687,30.985987,E-1,Camp Shelby
shelby,shelby e1,PIPA,1,2018-08-12,NA,Pinus palustris,tree,Pinus,palustris,native,tree,1,Pinus palustris,2018,uninvaded,2018-08-12,2015,3,-88.912687,30.985987,E-1,Camp Shelby
shelby,shelby e1,QUHE,1,2018-08-12,NA,Quercus hemisphaerica,tree,Quercus,hemisphaerica,native,tree,1,Quercus hemisphaerica,2018,uninvaded,2018-08-12,2015,3,-88.912687,30.985987,E-1,Camp Shelby
shelby,shelby e1,QUMA,9,2018-08-12,NA,Quercus marilandica,tree,Quercus,marilandica,native,tree,9,Quercus marilandica,2018,uninvaded,2018-08-12,2015,3,-88.912687,30.985987,E-1,Camp Shelby
shelby,shelby e1,RHCO,2,2018-08-12,NA,Rhus copallinum,shrub,Rhus,copallinum,native,shrub,2,Rhus copallinum,2018,uninvaded,2018-08-12,2015,3,-88.912687,30.985987,E-1,Camp Shelby
shelby,shelby e1,RUBUS,12,2018-08-12,NA,Rubus spp.,forb/shrub,Rubus,spp.,native/introduced,forb/shrub,12,Rubus spp.,2018,uninvaded,2018-08-12,2015,3,-88.912687,30.985987,E-1,Camp Shelby
shelby,shelby e1,VACCI,1,2018-08-12,NA,Vaccinium spp.,shrub,Vaccinium,spp.,native,shrub,1,Vaccinium spp.,2018,uninvaded,2018-08-12,2015,3,-88.912687,30.985987,E-1,Camp Shelby
shelby,shelby h1,ACRU,24,2018-08-13,NA,Acer  rubrum,tree,Acer,rubrum,native,tree,24,Acer rubrum,2018,uninvaded,2018-08-13,2014,4,-88.958222,31.073167,H-1,Camp Shelby
shelby,shelby i1,ACRU,3,2018-08-13,NA,Acer  rubrum,tree,Acer,rubrum,native,tree,3,Acer rubrum,2018,uninvaded,2018-08-13,2012,6,-88.954874,31.071573,I-1,Camp Shelby
shelby,shelby h1,BAMBU,29,2018-08-13,NA,Bambusa spp.,graminoid,Bambusa,spp.,introduced,graminoid,29,Bambusa spp.,2018,uninvaded,2018-08-13,2014,4,-88.958222,31.073167,H-1,Camp Shelby
shelby,shelby i1,DIVI,5,2018-08-13,NA,Diospyros virginiana,tree,Diospyros,virginiana,native,tree,5,Diospyros virginiana,2018,uninvaded,2018-08-13,2012,6,-88.954874,31.071573,I-1,Camp Shelby
shelby,shelby h1,ILGL,31,2018-08-13,NA,Ilex glabra,shrub,Ilex,glabra,native,shrub,31,Ilex glabra,2018,uninvaded,2018-08-13,2014,4,-88.958222,31.073167,H-1,Camp Shelby
shelby,shelby h1,ILVO,4,2018-08-13,NA,Ilex vomitoria,shrub,Ilex,vomitoria,native,shrub,4,Ilex vomitoria,2018,uninvaded,2018-08-13,2014,4,-88.958222,31.073167,H-1,Camp Shelby
shelby,shelby i1,ILVO,20,2018-08-13,NA,Ilex vomitoria,shrub,Ilex,vomitoria,native,shrub,20,Ilex vomitoria,2018,uninvaded,2018-08-13,2012,6,-88.954874,31.071573,I-1,Camp Shelby
shelby,shelby h1,MAGNO,21,2018-08-13,NA,Magnolia spp.,shrub/tree,Magnolia,spp.,native/introduced,shrub/tree,21,Magnolia spp.,2018,uninvaded,2018-08-13,2014,4,-88.958222,31.073167,H-1,Camp Shelby
shelby,shelby h1,MOCE,11,2018-08-13,NA,Morella cerifera,shrub,Morella,cerifera,native,shrub,11,Morella cerifera,2018,uninvaded,2018-08-13,2014,4,-88.958222,31.073167,H-1,Camp Shelby
shelby,shelby i1,MOCE,5,2018-08-13,NA,Morella cerifera,shrub,Morella,cerifera,native,shrub,5,Morella cerifera,2018,uninvaded,2018-08-13,2012,6,-88.954874,31.071573,I-1,Camp Shelby
shelby,shelby h1,PEBO,8,2018-08-13,NA,Persea borbonia,tree,Persea,borbonia,native,tree,8,Persea borbonia,2018,uninvaded,2018-08-13,2014,4,-88.958222,31.073167,H-1,Camp Shelby
shelby,shelby i1,PIEL,6,2018-08-13,NA,Pinus elliottii,tree,Pinus,elliottii,native,tree,6,Pinus elliottii,2018,uninvaded,2018-08-13,2012,6,-88.954874,31.071573,I-1,Camp Shelby
shelby,shelby i1,QULA,1,2018-08-13,NA,Quercus laevis,tree,Quercus,laevis,native,tree,1,Quercus laevis,2018,uninvaded,2018-08-13,2012,6,-88.954874,31.071573,I-1,Camp Shelby
shelby,shelby i1,QUNI,1,2018-08-13,NA,Quercus nigra,tree,Quercus,nigra,native,tree,1,Quercus nigra,2018,uninvaded,2018-08-13,2012,6,-88.954874,31.071573,I-1,Camp Shelby
shelby,shelby h1,VACCI,16,2018-08-13,"elena 7:58, changed to vaccinium from berry bush",Vaccinium spp.,shrub,Vaccinium,spp.,native,shrub,16,Vaccinium spp.,2018,uninvaded,2018-08-13,2014,4,-88.958222,31.073167,H-1,Camp Shelby
shelby,shelby h1,VACCI,1,2018-08-13,NA,Vaccinium spp.,shrub,Vaccinium,spp.,native,shrub,1,Vaccinium spp.,2018,uninvaded,2018-08-13,2014,4,-88.958222,31.073167,H-1,Camp Shelby
shelby,shelby i1,VACCI,51,2018-08-13,NA,Vaccinium spp.,shrub,Vaccinium,spp.,native,shrub,51,Vaccinium spp.,2018,uninvaded,2018-08-13,2012,6,-88.954874,31.071573,I-1,Camp Shelby
shelby,shelby j1,CAAM,32,2018-08-14,NA,Callicarpa americana,shrub,Callicarpa,americana,native,shrub,32,Callicarpa americana,2018,uninvaded,2018-08-14,2012,6,-89.231414,31.208952,J-1,Camp Shelby
shelby,shelby k1,CAAM,21,2018-08-14,NA,Callicarpa americana,shrub,Callicarpa,americana,native,shrub,21,Callicarpa americana,2018,uninvaded,2018-08-14,2015,NA,-89.209579,31.213312,K-1,Camp Shelby
shelby,shelby j1,DIVI,2,2018-08-14,NA,Diospyros virginiana,tree,Diospyros,virginiana,native,tree,2,Diospyros virginiana,2018,uninvaded,2018-08-14,2012,6,-89.231414,31.208952,J-1,Camp Shelby
shelby,shelby k1,DIVI,1,2018-08-14,NA,Diospyros virginiana,tree,Diospyros,virginiana,native,tree,1,Diospyros virginiana,2018,uninvaded,2018-08-14,2015,NA,-89.209579,31.213312,K-1,Camp Shelby
shelby,shelby j1,ILVO,153,2018-08-14,NA,Ilex vomitoria,shrub,Ilex,vomitoria,native,shrub,153,Ilex vomitoria,2018,uninvaded,2018-08-14,2012,6,-89.231414,31.208952,J-1,Camp Shelby
shelby,shelby j1,MOCE,1,2018-08-14,NA,Morella cerifera,shrub,Morella,cerifera,native,shrub,1,Morella cerifera,2018,uninvaded,2018-08-14,2012,6,-89.231414,31.208952,J-1,Camp Shelby
shelby,shelby j1,PEBO,8,2018-08-14,NA,Persea borbonia,tree,Persea,borbonia,native,tree,8,Persea borbonia,2018,uninvaded,2018-08-14,2012,6,-89.231414,31.208952,J-1,Camp Shelby
shelby,shelby j1,PIEL,7,2018-08-14,NA,Pinus elliottii,tree,Pinus,elliottii,native,tree,7,Pinus elliottii,2018,uninvaded,2018-08-14,2012,6,-89.231414,31.208952,J-1,Camp Shelby
shelby,shelby j1,QUMA,2,2018-08-14,NA,Quercus marilandica,tree,Quercus,marilandica,native,tree,2,Quercus marilandica,2018,uninvaded,2018-08-14,2012,6,-89.231414,31.208952,J-1,Camp Shelby
shelby,shelby j1,QUNI,1,2018-08-14,NA,Quercus nigra,tree,Quercus,nigra,native,tree,1,Quercus nigra,2018,uninvaded,2018-08-14,2012,6,-89.231414,31.208952,J-1,Camp Shelby
shelby,shelby k1,QUST,1,2018-08-14,NA,Quercus stellata,tree,Quercus,stellata,native,tree,1,Quercus stellata,2018,uninvaded,2018-08-14,2015,NA,-89.209579,31.213312,K-1,Camp Shelby
shelby,shelby j1,RHCO,3,2018-08-14,NA,Rhus copallinum,shrub,Rhus,copallinum,native,shrub,3,Rhus copallinum,2018,uninvaded,2018-08-14,2012,6,-89.231414,31.208952,J-1,Camp Shelby
shelby,shelby k1,RHCO,4,2018-08-14,NA,Rhus copallinum,shrub,Rhus,copallinum,native,shrub,4,Rhus copallinum,2018,uninvaded,2018-08-14,2015,NA,-89.209579,31.213312,K-1,Camp Shelby
shelby,shelby j1,RUBUS,1,2018-08-14,NA,Rubus spp.,forb/shrub,Rubus,spp.,native/introduced,forb/shrub,1,Rubus spp.,2018,uninvaded,2018-08-14,2012,6,-89.231414,31.208952,J-1,Camp Shelby
shelby,shelby k1,VAAR,14,2018-08-14,NA,Vaccinium arboreum,shrub/tree,Vaccinium,arboreum,native,shrub/tree,14,Vaccinium arboreum,2018,uninvaded,2018-08-14,2015,NA,-89.209579,31.213312,K-1,Camp Shelby
shelby,shelby b3,CAAM,8,2018-08-15,NA,Callicarpa americana,shrub,Callicarpa,americana,native,shrub,8,Callicarpa americana,2018,invaded,2018-08-15,2017,1,-89.048707,31.114496,B-3,Camp Shelby
shelby,shelby b2,ILGL,2,2018-08-15,NA,Ilex glabra,shrub,Ilex,glabra,native,shrub,2,Ilex glabra,2018,uninvaded,2018-08-15,2017,1,-89.048217,31.11502,B-2,Camp Shelby
shelby,shelby b2,MAGNO,10,2018-08-15,NA,Magnolia spp.,shrub/tree,Magnolia,spp.,native/introduced,shrub/tree,10,Magnolia spp.,2018,uninvaded,2018-08-15,2017,1,-89.048217,31.11502,B-2,Camp Shelby
shelby,shelby b3,PIPA,2,2018-08-15,NA,Pinus palustris,tree,Pinus,palustris,native,tree,2,Pinus palustris,2018,invaded,2018-08-15,2017,1,-89.048707,31.114496,B-3,Camp Shelby
gordon,gordon c1,DIVI,7,2018-08-20,NA,Diospyros virginiana,tree,Diospyros,virginiana,native,tree,7,Diospyros virginiana,2018,uninvaded,2018-08-20,2014,4,-82.212831,33.35564,C-1,Fort Gordon
gordon,gordon b1,DIVI,2,2018-08-20,NA,Diospyros virginiana,tree,Diospyros,virginiana,native,tree,2,Diospyros virginiana,2018,uninvaded,2018-08-20,2017,1,-82.176099,33.357005,B-1,Fort Gordon
gordon,gordon a1,PIPA,1,2018-08-20,NA,Pinus palustris,tree,Pinus,palustris,native,tree,1,Pinus palustris,2018,uninvaded,2018-08-20,2016,2,-82.185351,33.355677,A-1,Fort Gordon
gordon,gordon a1,PRUNU,1,2018-08-20,NA,Prunus  spp.,shrub/tree,Prunus,spp.,native/introduced,shrub/tree,1,Prunus spp.,2018,uninvaded,2018-08-20,2016,2,-82.185351,33.355677,A-1,Fort Gordon
gordon,gordon c1,QUIN,6,2018-08-20,NA,Quercus incana,tree,Quercus,incana,native,tree,6,Quercus incana,2018,uninvaded,2018-08-20,2014,4,-82.212831,33.35564,C-1,Fort Gordon
gordon,gordon a1,QUIN,1,2018-08-20,NA,Quercus incana,tree,Quercus,incana,native,tree,1,Quercus incana,2018,uninvaded,2018-08-20,2016,2,-82.185351,33.355677,A-1,Fort Gordon
gordon,gordon c1,QULA,1,2018-08-20,NA,Quercus laevis,tree,Quercus,laevis,native,tree,1,Quercus laevis,2018,uninvaded,2018-08-20,2014,4,-82.212831,33.35564,C-1,Fort Gordon
gordon,gordon c1,SAAL5,3,2018-08-20,NA,Sassafras albidum,shrub,Sassafras,albidum,native,shrub,3,Sassafras albidum,2018,uninvaded,2018-08-20,2014,4,-82.212831,33.35564,C-1,Fort Gordon
gordon,gordon b1,SAAL5,4,2018-08-20,NA,Sassafras albidum,shrub,Sassafras,albidum,native,shrub,4,Sassafras albidum,2018,uninvaded,2018-08-20,2017,1,-82.176099,33.357005,B-1,Fort Gordon
gordon,gordon e1,CARYA,2,2018-08-21,NA,Carya spp.,tree,Carya,spp.,native,tree,2,Carya spp.,2018,uninvaded,2018-08-21,2009,9,-82.187841,33.342135,E-1,Fort Gordon
gordon,gordon d1,CARYA,2,2018-08-21,NA,Carya spp.,tree,Carya,spp.,native,tree,2,Carya spp.,2018,uninvaded,2018-08-21,2013,5,-82.187065,33.343386,D-1,Fort Gordon
gordon,gordon e1,COFL,4,2018-08-21,NA,Cornus floridana,tree,Cornus,floridana,native,tree,4,Cornus floridana,2018,uninvaded,2018-08-21,2009,9,-82.187841,33.342135,E-1,Fort Gordon
gordon,gordon d1,COFL,1,2018-08-21,NA,Cornus floridana,tree,Cornus,floridana,native,tree,1,Cornus floridana,2018,uninvaded,2018-08-21,2013,5,-82.187065,33.343386,D-1,Fort Gordon
gordon,gordon d1,ILVO,1,2018-08-21,NA,Ilex vomitoria,shrub,Ilex,vomitoria,native,shrub,1,Ilex vomitoria,2018,uninvaded,2018-08-21,2013,5,-82.187065,33.343386,D-1,Fort Gordon
gordon,gordon d1,ILOP,1,2018-08-21,NA,Ilex  opaca,shrub,Ilex,opaca,native,shrub,1,Ilex opaca,2018,uninvaded,2018-08-21,2013,5,-82.187065,33.343386,D-1,Fort Gordon
gordon,gordon e1,JUVI,1,2018-08-21,eastern red cedar,Juniperus virginiana,tree,Juniperus,virginiana,native,tree,1,Juniperus virginiana,2018,uninvaded,2018-08-21,2009,9,-82.187841,33.342135,E-1,Fort Gordon
gordon,gordon d1,LIST,2,2018-08-21,NA,Liquidambar styraciflua,tree,Liquidambar,styraciflua,native,tree,2,Liquidambar styraciflua,2018,uninvaded,2018-08-21,2013,5,-82.187065,33.343386,D-1,Fort Gordon
gordon,gordon d1,PEBO,2,2018-08-21,NA,Persea borbonia,tree,Persea,borbonia,native,tree,2,Persea borbonia,2018,uninvaded,2018-08-21,2013,5,-82.187065,33.343386,D-1,Fort Gordon
gordon,gordon d1,PIPA,1,2018-08-21,NA,Pinus palustris,tree,Pinus,palustris,native,tree,1,Pinus palustris,2018,uninvaded,2018-08-21,2013,5,-82.187065,33.343386,D-1,Fort Gordon
gordon,gordon d1,PRUNU,1,2018-08-21,NA,Prunus  spp.,shrub/tree,Prunus,spp.,native/introduced,shrub/tree,1,Prunus spp.,2018,uninvaded,2018-08-21,2013,5,-82.187065,33.343386,D-1,Fort Gordon
gordon,gordon e1,QUHE,3,2018-08-21,NA,Quercus hemisphaerica,tree,Quercus,hemisphaerica,native,tree,3,Quercus hemisphaerica,2018,uninvaded,2018-08-21,2009,9,-82.187841,33.342135,E-1,Fort Gordon
gordon,gordon f1,QUIN,1,2018-08-21,NA,Quercus incana,tree,Quercus,incana,native,tree,1,Quercus incana,2018,uninvaded,2018-08-21,2015,3,-82.195633,33.34406,F-1,Fort Gordon
gordon,gordon f1,QULA,4,2018-08-21,NA,Quercus laevis,tree,Quercus,laevis,native,tree,4,Quercus laevis,2018,uninvaded,2018-08-21,2015,3,-82.195633,33.34406,F-1,Fort Gordon
gordon,gordon e1,QULA,1,2018-08-21,NA,Quercus laevis,tree,Quercus,laevis,native,tree,1,Quercus laevis,2018,uninvaded,2018-08-21,2009,9,-82.187841,33.342135,E-1,Fort Gordon
gordon,gordon d1,QUNI,2,2018-08-21,NA,Quercus nigra,tree,Quercus,nigra,native,tree,2,Quercus nigra,2018,uninvaded,2018-08-21,2013,5,-82.187065,33.343386,D-1,Fort Gordon
gordon,gordon e1,VACCI,6,2018-08-21,NA,Vaccinium spp.,shrub,Vaccinium,spp.,native,shrub,6,Vaccinium spp.,2018,uninvaded,2018-08-21,2009,9,-82.187841,33.342135,E-1,Fort Gordon
gordon,gordon d1,VACCI,2,2018-08-21,NA,Vaccinium spp.,shrub,Vaccinium,spp.,native,shrub,2,Vaccinium spp.,2018,uninvaded,2018-08-21,2013,5,-82.187065,33.343386,D-1,Fort Gordon
gordon,gordon e1,VIRO3,3,2018-08-21,NA,Vitis rotundifolia,vine,Vitis,rotundifolia,native,vine,3,Vitis rotundifolia,2018,uninvaded,2018-08-21,2009,9,-82.187841,33.342135,E-1,Fort Gordon
gordon,gordon h1,QUMA,2,2018-08-22,NA,Quercus marilandica,tree,Quercus,marilandica,native,tree,2,Quercus marilandica,2018,uninvaded,2018-08-22,2018,0,-82.2853,33.364136,H-1,Fort Gordon
gordon,gordon g1,QUMA,1,2018-08-22,NA,Quercus marilandica,tree,Quercus,marilandica,native,tree,1,Quercus marilandica,2018,uninvaded,2018-08-22,2016,2,-82.284032,33.364516,G-1,Fort Gordon
gordon,gordon h1,SAAL5,3,2018-08-22,NA,Sassafras albidum,shrub,Sassafras,albidum,native,shrub,3,Sassafras albidum,2018,uninvaded,2018-08-22,2018,0,-82.2853,33.364136,H-1,Fort Gordon
gordon,gordon g1,SAAL5,8,2018-08-22,NA,Sassafras albidum,shrub,Sassafras,albidum,native,shrub,8,Sassafras albidum,2018,uninvaded,2018-08-22,2016,2,-82.284032,33.364516,G-1,Fort Gordon
gordon,gordon g1,VIRO3,1,2018-08-22,NA,Vitis rotundifolia,vine,Vitis,rotundifolia,native,vine,1,Vitis rotundifolia,2018,uninvaded,2018-08-22,2016,2,-82.284032,33.364516,G-1,Fort Gordon
wes,wes i1,DIVI,1,2019-04-02,NA,Diospyros virginiana,tree,Diospyros,virginiana,native,tree,1,Diospyros virginiana,2019,NA,NA,NA,NA,NA,NA,NA,NA
munson,munson i1,CARYA,1,2019-04-30,NA,Carya spp.,tree,Carya,spp.,native,tree,1,Carya spp.,2019,NA,NA,NA,NA,NA,NA,NA,NA
munson,munson i1,LIST,1,2019-04-30,NA,Liquidambar styraciflua,tree,Liquidambar,styraciflua,native,tree,1,Liquidambar styraciflua,2019,NA,NA,NA,NA,NA,NA,NA,NA
munson,munson i1,PRUNU,1,2019-04-30,NA,Prunus  spp.,shrub/tree,Prunus,spp.,native/introduced,shrub/tree,1,Prunus spp.,2019,NA,NA,NA,NA,NA,NA,NA,NA
hancock,hancock n2,golden rain tree?,8,2019-05-08,NA,NA,NA,NA,NA,NA,NA,8,NA NA,2019,NA,NA,NA,NA,NA,NA,NA,NA
hancock,hancock n2,soda apple,6,2019-05-08,NA,NA,NA,NA,NA,NA,NA,6,NA NA,2019,NA,NA,NA,NA,NA,NA,NA,NA
hancock,hancock n2,lantana,5,2019-05-08,NA,NA,NA,NA,NA,NA,NA,5,NA NA,2019,NA,NA,NA,NA,NA,NA,NA,NA
hancock,hancock n2,LIST,1,2019-05-08,NA,Liquidambar styraciflua,tree,Liquidambar,styraciflua,native,tree,1,Liquidambar styraciflua,2019,NA,NA,NA,NA,NA,NA,NA,NA
hancock,hancock i4,soda apple,43,2019-05-08,NA,NA,NA,NA,NA,NA,NA,43,NA NA,2019,NA,NA,NA,NA,NA,NA,NA,NA
hancock,hancock i4,lantana,44,2019-05-08,NA,NA,NA,NA,NA,NA,NA,44,NA NA,2019,NA,NA,NA,NA,NA,NA,NA,NA
hancock,hancock i4,timestamp 11:25,6,2019-05-08,NA,NA,NA,NA,NA,NA,NA,6,NA NA,2019,NA,NA,NA,NA,NA,NA,NA,NA
hancock,hancock i4,CAAM,3,2019-05-08,NA,Callicarpa americana,shrub,Callicarpa,americana,native,shrub,3,Callicarpa americana,2019,NA,NA,NA,NA,NA,NA,NA,NA
hancock,hancock i3,soda apple,26,2019-05-08,NA,NA,NA,NA,NA,NA,NA,26,NA NA,2019,NA,NA,NA,NA,NA,NA,NA,NA
hancock,hancock i3,lantana,11,2019-05-08,NA,NA,NA,NA,NA,NA,NA,11,NA NA,2019,NA,NA,NA,NA,NA,NA,NA,NA
seay,seay i1,quercus,2,2019-04-24,NA,NA,NA,NA,NA,NA,NA,2,NA NA,2019,NA,NA,NA,NA,NA,NA,NA,NA
seay,seay n1,baharris salt bush,1,2019-04-23,NA,NA,NA,NA,NA,NA,NA,1,NA NA,2019,NA,NA,NA,NA,NA,NA,NA,NA
seay,seay n1,quercus,2,2019-04-23,NA,NA,NA,NA,NA,NA,NA,2,NA NA,2019,NA,NA,NA,NA,NA,NA,NA,NA
seay,seay n1,DIVI,3,2019-04-23,NA,Diospyros virginiana,tree,Diospyros,virginiana,native,tree,3,Diospyros virginiana,2019,NA,NA,NA,NA,NA,NA,NA,NA
seay,seay n1,CARYA,2,2019-04-23,NA,Carya spp.,tree,Carya,spp.,native,tree,2,Carya spp.,2019,NA,NA,NA,NA,NA,NA,NA,NA
seay,seay n1,PITA,1,2019-04-23,NA,Pinus taeda,tree,Pinus,taeda,native,tree,1,Pinus taeda,2019,NA,NA,NA,NA,NA,NA,NA,NA
silversprings,silversprings i1,CAAM,12,2019-05-22,NA,Callicarpa americana,shrub,Callicarpa,americana,native,shrub,12,Callicarpa americana,2019,NA,NA,NA,NA,NA,NA,NA,NA
silversprings,silversprings i1,sugar berry,2,2019-05-22,NA,NA,NA,NA,NA,NA,NA,2,NA NA,2019,NA,NA,NA,NA,NA,NA,NA,NA
silversprings,silversprings n1,CAAM,21,2019-05-22,NA,Callicarpa americana,shrub,Callicarpa,americana,native,shrub,21,Callicarpa americana,2019,NA,NA,NA,NA,NA,NA,NA,NA
silversprings,silversprings n1,CT,2,2019-05-22,NA,NA,NA,NA,NA,NA,NA,2,NA NA,2019,NA,NA,NA,NA,NA,NA,NA,NA
silversprings,silversprings n1,trifoliate orange,2,2019-05-22,NA,NA,NA,NA,NA,NA,NA,2,NA NA,2019,NA,NA,NA,NA,NA,NA,NA,NA
silversprings,silversprings n1,QUHE,6,2019-05-22,NA,Quercus hemisphaerica,tree,Quercus,hemisphaerica,native,tree,6,Quercus hemisphaerica,2019,NA,NA,NA,NA,NA,NA,NA,NA
silversprings,silversprings n1,camphor tree,3,2019-05-22,NA,NA,NA,NA,NA,NA,NA,3,NA NA,2019,NA,NA,NA,NA,NA,NA,NA,NA
wes,wes n1,DIVI,1,2019-05-15,NA,Diospyros virginiana,tree,Diospyros,virginiana,native,tree,1,Diospyros virginiana,2019,NA,NA,NA,NA,NA,NA,NA,NA
wes,wes n1,ACRU,9,2019-05-15,NA,Acer  rubrum,tree,Acer,rubrum,native,tree,9,Acer rubrum,2019,NA,NA,NA,NA,NA,NA,NA,NA
wes,wes n1,QUHE,5,2019-05-15,NA,Quercus hemisphaerica,tree,Quercus,hemisphaerica,native,tree,5,Quercus hemisphaerica,2019,NA,NA,NA,NA,NA,NA,NA,NA
wes,wes n1,PRUNU,7,2019-05-15,NA,Prunus  spp.,shrub/tree,Prunus,spp.,native/introduced,shrub/tree,7,Prunus spp.,2019,NA,NA,NA,NA,NA,NA,NA,NA
wes,wes n1,sugar berry,2,2019-05-15,NA,NA,NA,NA,NA,NA,NA,2,NA NA,2019,NA,NA,NA,NA,NA,NA,NA,NA
brown,brown i2,QUNI,2,2019-05-21,NA,Quercus nigra,tree,Quercus,nigra,native,tree,2,Quercus nigra,2019,NA,NA,NA,NA,NA,NA,NA,NA
brown,brown i2,DIVI,1,2019-05-21,NA,Diospyros virginiana,tree,Diospyros,virginiana,native,tree,1,Diospyros virginiana,2019,NA,NA,NA,NA,NA,NA,NA,NA
brown,brown i2,LIST,4,2019-05-21,NA,Liquidambar styraciflua,tree,Liquidambar,styraciflua,native,tree,4,Liquidambar styraciflua,2019,NA,NA,NA,NA,NA,NA,NA,NA
brown,brown i2,winged elm,2,2019-05-21,NA,NA,NA,NA,NA,NA,NA,2,NA NA,2019,NA,NA,NA,NA,NA,NA,NA,NA
brown,brown i2,CAAM,4,2019-05-21,NA,Callicarpa americana,shrub,Callicarpa,americana,native,shrub,4,Callicarpa americana,2019,NA,NA,NA,NA,NA,NA,NA,NA
brown,brown n2,DIVI,6,2019-05-21,NA,Diospyros virginiana,tree,Diospyros,virginiana,native,tree,6,Diospyros virginiana,2019,NA,NA,NA,NA,NA,NA,NA,NA
brown,brown n2,QUNI,4,2019-05-21,NA,Quercus nigra,tree,Quercus,nigra,native,tree,4,Quercus nigra,2019,NA,NA,NA,NA,NA,NA,NA,NA
brown,brown n2,CAAM,2,2019-05-21,NA,Callicarpa americana,shrub,Callicarpa,americana,native,shrub,2,Callicarpa americana,2019,NA,NA,NA,NA,NA,NA,NA,NA
brown,brown n2,LIST,1,2019-05-21,NA,Liquidambar styraciflua,tree,Liquidambar,styraciflua,native,tree,1,Liquidambar styraciflua,2019,NA,NA,NA,NA,NA,NA,NA,NA
munson,munson n1,CR,22,2019-06-05,NA,NA,NA,NA,NA,NA,NA,22,NA NA,2019,NA,NA,NA,NA,NA,NA,NA,NA
munson,munson n1,QUNI,3,2019-06-05,NA,Quercus nigra,tree,Quercus,nigra,native,tree,3,Quercus nigra,2019,NA,NA,NA,NA,NA,NA,NA,NA
munson,munson n1,QUHE,6,2019-06-05,NA,Quercus hemisphaerica,tree,Quercus,hemisphaerica,native,tree,6,Quercus hemisphaerica,2019,NA,NA,NA,NA,NA,NA,NA,NA
munson,munson n1,DIVI,2,2019-06-05,NA,Diospyros virginiana,tree,Diospyros,virginiana,native,tree,2,Diospyros virginiana,2019,NA,NA,NA,NA,NA,NA,NA,NA
munson,munson n1,CARYA,1,2019-06-05,NA,Carya spp.,tree,Carya,spp.,native,tree,1,Carya spp.,2019,NA,NA,NA,NA,NA,NA,NA,NA
munson,munson n1,ACRU,1,2019-06-05,NA,Acer  rubrum,tree,Acer,rubrum,native,tree,1,Acer rubrum,2019,NA,NA,NA,NA,NA,NA,NA,NA
munson,munson n1,MAGNO,6,2019-06-05,NA,Magnolia spp.,shrub/tree,Magnolia,spp.,native/introduced,shrub/tree,6,Magnolia spp.,2019,NA,NA,NA,NA,NA,NA,NA,NA
riversedge,riversedge i2,DIVI,5,2019-06-06,NA,Diospyros virginiana,tree,Diospyros,virginiana,native,tree,5,Diospyros virginiana,2019,NA,NA,NA,NA,NA,NA,NA,NA
riversedge,riversedge n1,CAAM,2,2019-06-06,NA,Callicarpa americana,shrub,Callicarpa,americana,native,shrub,2,Callicarpa americana,2019,NA,NA,NA,NA,NA,NA,NA,NA
riversedge,riversedge n1,QUNI,1,2019-06-06,NA,Quercus nigra,tree,Quercus,nigra,native,tree,1,Quercus nigra,2019,NA,NA,NA,NA,NA,NA,NA,NA
riversedge,riversedge n1,DIVI,2,2019-06-06,NA,Diospyros virginiana,tree,Diospyros,virginiana,native,tree,2,Diospyros virginiana,2019,NA,NA,NA,NA,NA,NA,NA,NA
